,Open,High,Low,Close,RSI_14,Return_std_20,ATR_pct
2020-08-25,38948.4609375,39008.890625,38679.671875,38843.87890625,64.18457173089226,0.00920940803857828,0.012601279105664212
2020-08-26,38930.1796875,39111.55078125,38765.08984375,39073.921875,66.41367116165547,0.008871071758584004,0.012265641801309872
2020-08-27,39293.53125,39326.98046875,39046.94140625,39113.46875,66.79626164771088,0.008545968983393982,0.01188941294931541
2020-08-28,39264.48046875,39579.578125,39235.03125,39467.30859375,70.08029926022215,0.008598264579462334,0.011784761998597461
2020-08-31,39888.1484375,40010.171875,38395.890625,38628.2890625,55.949483324749096,0.00906858147200187,0.014165688145837694
2020-09-01,38754.0,39226.8203125,38542.109375,38900.80078125,58.85164476582572,0.008141820093792478,0.0143189538425814
2020-09-02,38892.640625,39141.83984375,38736.21875,39086.03125,60.74477278255033,0.008153340099713007,0.013974420875361142
2020-09-03,39165.80078125,39236.359375,38943.4296875,38990.94140625,59.238045627026644,0.007995852314640974,0.013544519910628135
2020-09-04,38325.0,38729.66015625,38249.76953125,38357.1796875,50.285526496437924,0.008918151460920709,0.014165067299592774
2020-09-07,38284.78125,38519.921875,38060.73828125,38417.23046875,51.04054646854342,0.008889218340168306,0.013986469675961111
2020-09-08,38498.0703125,38746.48046875,38275.44921875,38365.3515625,50.329407873590675,0.008797417227148108,0.013881963660186302
2020-09-09,37988.55859375,38252.671875,37935.26171875,38193.921875,47.951885941821786,0.008851432863116524,0.013752586973746178
2020-09-10,38516.87890625,38878.25,38367.0703125,38840.3203125,56.32900593807923,0.009623170803049495,0.01381623177457498
2020-09-11,38865.171875,38978.51953125,38711.80078125,38854.55078125,56.49501521244493,0.00919764356445371,0.013314983855794767
2020-09-14,39073.51171875,39230.16015625,38573.171875,38756.62890625,54.947162121047434,0.009200634790501618,0.01360598321681835
2020-09-15,38904.671875,39102.25,38753.6796875,39044.3515625,58.541449109425564,0.008931258606049099,0.013178706807444457
2020-09-16,39161.01171875,39359.51171875,39037.9609375,39302.8515625,61.51231823870358,0.009024392117526073,0.012741266682062578
2020-09-17,39120.640625,39234.80859375,38926.33984375,38979.8515625,56.10254996708341,0.008903865838003726,0.012619151604353422
2020-09-18,39200.421875,39200.421875,38635.73046875,38845.8203125,53.9810354521198,0.008886973980177687,0.012796552192444067
2020-09-21,38812.69140625,38990.76171875,37938.53125,38034.140625,43.30194818504193,0.009849647226060064,0.014112196714023638
2020-09-22,38200.7109375,38209.96875,37531.140625,37734.078125,40.14049080147382,0.009953873185878228,0.014493372478417995
2020-09-23,38124.94140625,38140.0703125,37313.08984375,37668.421875,39.461594320402554,0.009802231765744558,0.015049747082254051
2020-09-24,37282.1796875,37304.26171875,36495.98046875,36553.6015625,30.14020637213777,0.011619258096004625,0.016692012218838283
2020-09-25,36991.890625,37471.171875,36730.51953125,37388.66015625,41.321276543383,0.01272574192514603,0.016906503978414797
2020-09-28,37756.25,38035.87109375,37544.05078125,37981.62890625,47.719971809081734,0.012554999846185737,0.01667095590421724
2020-09-29,38176.859375,38235.94140625,37831.3515625,37973.21875,47.64062213701516,0.012419615351636087,0.016244645411941386
2020-09-30,38068.890625,38236.33984375,37828.109375,38067.9296875,48.67564329289339,0.01237276779083579,0.015812765864676823
2020-10-01,38410.19921875,38738.890625,38410.19921875,38697.05078125,55.034165619162046,0.012984460174056972,0.01568305434556938
2020-10-05,38956.78125,39263.8515625,38819.890625,38973.69921875,57.526083102074594,0.012514559233480195,0.01549826147626487
2020-10-06,39336.33984375,39623.76171875,39191.1015625,39574.5703125,62.39998508686807,0.012928892755228896,0.015346041641539727
2020-10-07,39633.19140625,39968.0390625,39450.8203125,39878.94921875,64.61507174493883,0.012981836268483966,0.01506754094274745
2020-10-08,40204.3203125,40468.87890625,40062.23046875,40182.671875,66.72180607790845,0.012948437621777109,0.014934191063091008
2020-10-09,40226.25,40585.359375,40066.5390625,40509.48828125,68.8695763576929,0.012586215167765985,0.01467039796493914
2020-10-12,40716.94921875,40905.48828125,40387.3984375,40593.80078125,69.41793871517449,0.0125795955845046,0.01450584602440696
2020-10-13,40592.5390625,40786.8203125,40461.96875,40625.51171875,69.63459113059011,0.012536064070225597,0.014030360537912324
2020-10-14,40623.19140625,40880.25,40279.55078125,40794.73828125,70.82251542313958,0.012488330430346736,0.014025927730099986
2020-10-15,41048.05078125,41048.05078125,39667.46875,39728.41015625,55.965352425222825,0.013976607924107437,0.015855826128096828
2020-10-16,39936.609375,40125.7109375,39699.421875,39982.98046875,58.218797861475444,0.013874974295006611,0.015391079066067353
2020-10-19,40318.5703125,40519.48046875,40211.21875,40431.6015625,61.91738536113913,0.01399746665623923,0.015080947024630201
2020-10-20,40420.2890625,40732.01171875,40305.58984375,40544.37109375,62.808623949317685,0.012896990798245772,0.014716030480691401
2020-10-21,40767.140625,40976.01953125,40150.48046875,40707.30859375,64.11536552043357,0.012628896139761935,0.015058751943075594
2020-10-22,40531.30859375,40721.5703125,40309.05078125,40558.48828125,61.97356134397766,0.012680400502765459,0.014760933262098049
2020-10-23,40728.390625,40811.12109375,40590.8984375,40685.5,63.10631617844131,0.009899716379634691,0.014107320818059998
2020-10-26,40649.76171875,40724.3984375,39948.2890625,40145.5,55.53223318756661,0.009869609073493478,0.014656746068072636
2020-10-27,40199.078125,40555.6015625,39978.390625,40522.1015625,59.20922162490836,0.009552715678645305,0.014500802932016405
2020-10-28,40664.3515625,40664.3515625,39774.6015625,39922.4609375,51.85656470938259,0.010362765795121845,0.015259203034116502
2020-10-29,39537.171875,40010.828125,39524.25,39749.8515625,49.93430537699865,0.010474912947943615,0.015105145907009896
2020-10-30,39779.8203125,39988.25,39241.87109375,39614.0703125,48.41397123488117,0.009983724889020544,0.015420087282161616
2020-11-02,39880.37890625,39968.03125,39334.921875,39757.578125,50.14178599014419,0.009904146317172553,0.015404414279583485
2020-11-03,39990.75,40354.73046875,39952.7890625,40261.12890625,55.743198066849466,0.009714644469917188,0.015184623181465278
2020-11-04,40171.7109375,40693.51171875,40076.46875,40616.140625,59.221565478886085,0.00975892664408282,0.01506191128502425
2020-11-05,41112.12109375,41370.91015625,41030.171875,41340.16015625,65.22447028011051,0.010363323569117122,0.015045222520353485
2020-11-06,41438.76171875,41954.9296875,41383.2890625,41893.05859375,68.9798554589559,0.010601378546091379,0.014834377672942949
2020-11-09,42273.96875,42645.328125,42263.640625,42597.4296875,72.98265826510358,0.011119973484844963,0.014808432751768456
2020-11-10,42959.25,43316.44140625,42660.08984375,43277.6484375,76.1793823560032,0.011507176531758095,0.014721269505176209
2020-11-11,43444.05859375,43708.46875,42970.2109375,43593.671875,77.51073520801903,0.011542446846915612,0.014780295371684562
2020-11-12,43291.890625,43543.9609375,43127.55078125,43357.19140625,74.17009533603002,0.00945228326503849,0.014567325698443472
2020-11-13,43298.921875,43522.25,43053.37109375,43443.0,74.5979117228161,0.009454193795180402,0.014271010581763584
2020-11-17,44095.8515625,44161.16015625,43699.21875,43952.7109375,77.03148983024975,0.009474620986403065,0.014265074625769241
2020-11-18,43978.578125,44215.48828125,43785.78125,44180.05078125,78.04192047704107,0.009471161264251602,0.013872712747342366
2020-11-19,43902.23828125,44230.0,43518.109375,43599.9609375,69.62517192870682,0.010249690843418287,0.014219464938952374
2020-11-20,43732.140625,44013.01953125,43453.75,43882.25,71.25010734710789,0.010130046740043162,0.014029191819058253
2020-11-23,44164.171875,44271.1484375,43747.21875,44077.1484375,72.34991743392,0.010128746697209921,0.013818550500826537
2020-11-24,44341.19140625,44601.62890625,44247.12109375,44523.01953125,74.7314044529328,0.009338657722075355,0.013544438807230918
2020-11-25,44749.73046875,44825.37109375,43757.96875,43828.1015625,65.29245440155961,0.010375355780118634,0.014515985834295031
2020-11-26,43967.58984375,44361.78125,43582.3984375,44259.73828125,67.99634805606091,0.009444531968083793,0.014605483258718488
2020-11-27,44325.03125,44407.28125,43995.41015625,44149.71875,66.57271499919833,0.009355590736940091,0.014262385562886127
2020-12-01,44435.828125,44730.7890625,44118.1015625,44655.44140625,69.71186659068155,0.009218318061858301,0.014073683279758524
2020-12-02,44729.51953125,44729.640625,44169.96875,44618.0390625,69.19431613398108,0.00933177931291635,0.01397534825812344
2020-12-03,44902.01953125,44953.01171875,44551.421875,44632.6484375,69.29022089780057,0.009262642594766732,0.013615552083827023
2020-12-04,44665.91015625,45148.28125,44665.91015625,45079.55078125,72.14682295338241,0.009290772736368582,0.013334694856680757
2020-12-07,45099.921875,45458.921875,45024.46875,45426.96875,74.15917411811766,0.008843628376548252,0.012970645998654667
2020-12-08,45568.80078125,45742.23046875,45335.171875,45608.51171875,75.16875108300178,0.00861060465408756,0.012633734026480945
2020-12-09,45891.0390625,46164.1015625,45792.01171875,46103.5,77.72419639304249,0.008257197425686496,0.01246615197626497
2020-12-10,45999.421875,46043.96875,45685.87109375,45959.87890625,75.30268517072682,0.007901375829291998,0.012260943960077203
2020-12-11,46060.3203125,46309.62890625,45706.21875,46099.01171875,76.08015687239211,0.007837406666630787,0.012285760206258765
2020-12-14,46284.69921875,46373.33984375,45951.53125,46253.4609375,76.94769783729835,0.0075940781201880025,0.012021504807199794
2020-12-15,46287.390625,46350.30078125,45841.671875,46263.171875,77.00417083793037,0.007619700016518027,0.011945786359399777
2020-12-16,46573.30859375,46704.96875,46402.19921875,46666.4609375,79.27488975553035,0.007471834199093408,0.011672877663014954
2020-12-17,46774.3203125,46992.5703125,46627.6015625,46890.33984375,80.43015851288456,0.007466612440606779,0.011343310093559994
2020-12-18,47026.01953125,47026.01953125,46630.30859375,46960.69140625,80.79248707266697,0.0064414973740205645,0.01111918191076711
2020-12-21,46932.1796875,47055.69140625,44923.078125,45553.9609375,57.76290274247378,0.009940562865851857,0.013987730489418369
2020-12-22,45529.609375,46080.1796875,45112.19140625,46006.69140625,61.56047978292804,0.010088413252876734,0.014363660816992942
2020-12-23,46072.30078125,46513.3203125,45899.1015625,46444.1796875,64.84942297516656,0.010064455450806042,0.014156682972770748
2020-12-24,46743.48828125,47053.3984375,46539.01953125,46973.5390625,68.37534773542647,0.009331861235667043,0.013923736630256424
2020-12-28,47153.58984375,47406.71875,47148.23828125,47353.75,70.6523944270265,0.009277683832914533,0.013478783339628495
2020-12-29,47466.62109375,47714.55078125,47361.8984375,47613.078125,72.12656058154637,0.009182892643280881,0.012989112742024335
2020-12-30,47789.03125,47807.8515625,47358.359375,47746.21875,72.87976501093803,0.00900727894937415,0.012700128373121079
2020-12-31,47753.109375,47896.96875,47602.12109375,47751.328125,72.9100183201326,0.00898663115329388,0.01223276080820238
2021-01-01,47785.28125,47984.359375,47771.1484375,47868.98046875,73.63923228953308,0.008960946680149462,0.011678795882472712
2021-01-04,48109.171875,48220.46875,47594.46875,48176.80078125,75.49761836716401,0.008860729260168154,0.011703434830442299
2021-01-05,48037.62890625,48486.23828125,47903.37890625,48437.78125,76.9794183873658,0.008816377631309767,0.01166843289691246
2021-01-06,48616.66015625,48616.66015625,47864.140625,48174.05859375,72.22607254015509,0.009023091900364068,0.012010062751288103
2021-01-07,48524.359375,48558.33984375,48037.87109375,48093.3203125,70.78501000213338,0.008866484359327643,0.011943927473834047
2021-01-08,48464.91015625,48854.33984375,48365.578125,48782.51171875,75.31297113545656,0.009171006528943792,0.012048404714523519
2021-01-11,49252.30859375,49303.7890625,48956.37890625,49269.3203125,77.91652961936802,0.009301807681104434,0.011832988367813303
2021-01-12,49228.26171875,49569.140625,49079.5703125,49517.109375,79.12341637648552,0.009309499439553415,0.011638997449948788
2021-01-13,49763.9296875,49795.19140625,49073.8515625,49492.3203125,78.66027104505164,0.00932369850631437,0.011854109628331158
2021-01-14,49432.828125,49663.578125,49182.37109375,49584.16015625,79.14727314229168,0.0092438389561053,0.011680203466738863
2021-01-15,49656.7109375,49656.7109375,48795.7890625,49034.671875,69.00094399305696,0.009756834663085318,0.012221544449737911
2021-01-18,49061.21875,49122.23046875,48403.96875,48564.26953125,61.7078902485623,0.010112521797409903,0.012514924310699626
2021-01-19,48900.30859375,49499.859375,48805.5390625,49398.2890625,68.13800562911501,0.007384713629993567,0.01277763440437857
2021-01-20,49508.7890625,49874.421875,49373.6796875,49792.12109375,70.64477501250039,0.007316176062657426,0.012489432648331923
2021-01-21,50096.5703125,50184.01171875,49398.859375,49624.76171875,68.18959560195374,0.007369883174016646,0.0127665698292375
2021-01-22,49594.94921875,49676.87890625,48832.078125,48878.5390625,58.43750127348984,0.008186873571183568,0.013270204017175527
2021-01-25,49253.6796875,49263.1484375,48274.921875,48347.58984375,52.666113104184184,0.008538531843680771,0.01391765783009488
2021-01-27,48385.28125,48387.25,47269.6015625,47409.9296875,44.338076023773596,0.009623470114266966,0.014863004834553382
2021-01-28,46834.5703125,47172.01953125,46518.48046875,46874.359375,40.40772368121962,0.009906980462028672,0.015317468619065305
2021-01-29,47423.46875,47423.66015625,46160.4609375,46285.76953125,36.57090479911449,0.010241495451660186,0.01635361333981753
2021-02-01,46617.94921875,48764.3984375,46433.6484375,48600.609375,54.76332435919177,0.015227208506808736,0.01810506902120741
2021-02-02,49193.26171875,50154.48046875,49193.26171875,49797.71875,60.99394787746135,0.016080806428962438,0.018636535186151753
2021-02-03,50231.05859375,50526.390625,49515.87890625,50255.75,63.08876157839151,0.016148604594812585,0.018583874778391428
2021-02-04,50212.25,50687.51171875,49926.44921875,50614.2890625,64.68746659359849,0.016093962052558385,0.018208251467840948
2021-02-05,51031.390625,51073.26953125,50565.2890625,50731.62890625,65.21841557614562,0.016064536422480475,0.01758377631823081
2021-02-08,51146.671875,51523.37890625,51146.671875,51348.76953125,67.94803378714353,0.01599054386728092,0.01723291675925513
2021-02-09,51484.23046875,51835.859375,51193.9296875,51329.078125,67.76529230596626,0.015906565223411284,0.016901430164581777
2021-02-10,51355.890625,51512.859375,50846.21875,51309.390625,67.56962858841557,0.015899349398148247,0.016628247440185175
2021-02-11,51165.83984375,51592.44921875,51157.30859375,51531.51953125,68.66883369412206,0.01589952921217675,0.015977113054826627
2021-02-12,51614.76953125,51804.578125,51260.62109375,51544.30078125,68.7345003836112,0.015904460123117723,0.015586011499496882
2021-02-15,51907.75,52235.96875,51886.4609375,52154.12890625,71.77421867448793,0.015736649369337136,0.015250783787412946
2021-02-16,52400.03125,52516.76171875,51863.609375,52104.171875,71.16383743311891,0.01548494555036619,0.015070413495781235
2021-02-17,51996.94140625,52078.1484375,51586.33984375,51703.828125,66.29803495654323,0.015336405229402498,0.014817693134371576
2021-02-18,51903.9609375,51903.9609375,51186.6796875,51324.69140625,61.97620594998933,0.015420595398627954,0.014859166952356482
2021-02-19,51238.01953125,51432.98828125,50624.328125,50889.76171875,57.35705989957533,0.015548663616203093,0.01505075151391483
2021-02-22,50910.51171875,50986.03125,49617.37109375,49744.3203125,47.3483126239171,0.016056517124598636,0.016262788742379377
2021-02-23,49994.8515625,50327.30859375,49659.8515625,49751.41015625,47.409484069317514,0.015817385337458304,0.016057283368602585
2021-02-24,49763.94140625,50881.171875,49648.78125,50781.69140625,55.50037923182464,0.015551482063819694,0.016341284602700002
2021-02-25,51207.609375,51386.12109375,50991.76171875,51039.30859375,57.270569577878305,0.015157692432204647,0.015943348282183842
2021-02-26,50256.7109375,50400.30859375,48890.48046875,49099.98828125,43.30494059162851,0.017613366484789696,0.018515301587958773
2021-03-01,49747.7109375,50058.421875,49440.4609375,49849.83984375,48.531118242587965,0.014298513942316482,0.018307477898626894
2021-03-02,50258.08984375,50439.8203125,49807.12109375,50296.890625,51.40704926938133,0.01337582726970447,0.0177472233925481
2021-03-03,50738.2109375,51539.890625,50512.83984375,51444.6484375,57.909744221101064,0.01414632273651458,0.017837745991555038
2021-03-04,50812.140625,51256.55078125,50539.921875,50846.078125,53.861660839726625,0.014354487165857766,0.01802957146726652
2021-03-05,50517.359375,50886.19140625,50160.5390625,50405.3203125,51.032768244449066,0.014481155538329557,0.01791644960346205
2021-03-08,50654.01953125,50985.76953125,50318.26171875,50441.0703125,51.2563905465225,0.014188303203003166,0.017570156181771057
2021-03-09,50714.16015625,51111.94140625,50396.1015625,51025.48046875,54.88358265943084,0.014457825298329818,0.017130358926411706
2021-03-10,51404.6796875,51430.4296875,51048.9296875,51279.51171875,56.40227828417266,0.01450554123729714,0.01639202641841426
2021-03-12,51660.98046875,51821.83984375,50538.4296875,50792.078125,52.73417711500974,0.014617823037574196,0.01717209095765679
2021-03-15,50773.46875,50834.78125,49799.0703125,50395.078125,49.88838088047116,0.014701360982137032,0.017539115509580372
2021-03-16,50608.421875,50857.98046875,50289.44140625,50363.9609375,49.662160489139154,0.014387382092019455,0.01710271320228651
2021-03-17,50436.01953125,50561.12109375,49718.6484375,49801.62109375,45.63487508003223,0.014540236735382099,0.017268740206802108
2021-03-18,50161.25,50296.3515625,48962.359375,49216.51953125,41.83360139680443,0.014649827779708451,0.018161931112590436
2021-03-19,48881.19140625,50003.578125,48586.9296875,49858.23828125,47.04372313864078,0.014992808321248845,0.01867712534604202
2021-03-22,49878.76953125,49878.76953125,49281.01953125,49771.2890625,46.43678630964064,0.014901159689138386,0.01823119541425965
2021-03-23,49876.2109375,50264.6484375,49661.921875,50051.44140625,48.73189031074858,0.014057936551220663,0.017694363858571944
2021-03-24,49786.46875,49854.578125,49120.33984375,49180.30859375,42.61694159467191,0.014615021323701235,0.01807382920533335
2021-03-25,49201.98046875,49247.94921875,48236.3515625,48440.12109375,38.22760660694511,0.014073976823294455,0.018530967193180092
2021-03-26,48969.25,49234.66015625,48699.91015625,49008.5,43.075947486536,0.01433239557403321,0.018165783042278935
2021-03-30,49331.6796875,50268.44921875,49331.6796875,50136.578125,51.253576180799,0.01252543599729925,0.018283714513513967
2021-03-31,50049.12109375,50050.3203125,49442.5,49509.1484375,47.192723902491146,0.012416438093026647,0.0181942644910593
2021-04-01,49868.53125,50092.48046875,49478.53125,50029.828125,50.68465262022303,0.012481287281924899,0.017595392187329494
2021-04-05,50020.91015625,50028.671875,48580.80078125,49159.3203125,45.292251008500926,0.011825605229607994,0.0187333392612958
2021-04-06,49441.12890625,49582.26171875,48936.3515625,49201.390625,45.59351289357517,0.011630260294608175,0.0183180755730404
2021-04-07,49277.08984375,49900.12890625,49093.8984375,49661.76171875,48.90906735846771,0.011751710131395447,0.018011562228050882
2021-04-08,49885.26171875,50118.078125,49581.609375,49746.2109375,49.51681668477365,0.011760230801043374,0.017466923425525194
2021-04-09,49743.390625,49906.91015625,49461.01171875,49591.3203125,48.38007605851858,0.011410447174793495,0.016912191641786933
2021-04-12,48956.6484375,48956.6484375,47693.44140625,47883.37890625,38.01643109030701,0.013539986749441348,0.019095429750772906
2021-04-13,47991.53125,48627.4296875,47775.3203125,48544.05859375,43.09454620538903,0.01397773214898334,0.018743955520235226
2021-04-15,48512.76953125,48887.8515625,48010.55078125,48803.6796875,45.00137414041708,0.014011312616103796,0.018596520119410827
2021-04-16,48935.73828125,49089.55078125,48694.48828125,48832.03125,45.21725944260327,0.014018315422045825,0.017836045219847926
2021-04-19,47940.80859375,48020.7890625,47362.7109375,47949.421875,39.95878537389748,0.014356819278098471,0.01905569592241207
2021-04-20,48473.0390625,48478.33984375,47438.5,47705.80078125,38.623606775027504,0.01418996773872439,0.019341859704943495
2021-04-22,47501.7109375,48143.16015625,47204.5,48080.671875,41.843750269184774,0.013958394501403092,0.019214739115325907
2021-04-23,47863.80859375,48265.390625,47669.55078125,47878.44921875,40.606100715698176,0.013968662484714938,0.018806534963353987
2021-04-26,48197.37109375,48667.98046875,48152.23828125,48386.51171875,45.007047701318164,0.01415181638880561,0.01844535843633342
2021-04-27,48424.078125,49009.26171875,48399.53125,48944.140625,49.43560187779246,0.013925148634441522,0.01784152741947558
2021-04-28,49066.640625,49801.48046875,49066.640625,49733.83984375,54.96645556545805,0.013911231113642437,0.017535397043966672
2021-04-29,50093.859375,50375.76953125,49535.98046875,49765.94140625,55.18106952294833,0.013696397347528028,0.01747770647492661
2021-04-30,49360.890625,49569.421875,48698.078125,48782.359375,47.68292481804989,0.013414655472138512,0.01812012162989992
2021-05-03,48356.01171875,48863.23046875,48028.0703125,48718.51953125,47.234296106630254,0.013152465624160751,0.018072344068597836
2021-05-04,48881.62890625,48996.53125,48149.44921875,48253.51171875,43.98783724188584,0.013011941408408646,0.018197097565161937
2021-05-05,48569.12109375,48742.71875,48254.3203125,48677.55078125,47.529429368300704,0.012661258241677947,0.017467963052042436
2021-05-06,48877.78125,49011.30859375,48614.109375,48949.76171875,49.72696388125003,0.012731525331670126,0.016709652008966985
2021-05-10,49496.05078125,49617.46875,49412.05078125,49502.41015625,53.94423904376324,0.0128141463194923,0.016306337828123702
2021-05-11,49066.44921875,49304.46875,48988.1796875,49161.80859375,51.099168557178764,0.012892594943792916,0.015993642926591146
2021-05-12,49171.28125,49171.28125,48550.71875,48690.80078125,47.37790865123228,0.013041039014903364,0.015905257088162737
2021-05-14,48898.9296875,48898.9296875,48473.4296875,48732.55078125,47.741194682941696,0.01027275968530678,0.015380180754935614
2021-05-17,48990.69921875,49628.421875,48923.12890625,49580.73046875,54.598683566396836,0.01053351295745514,0.01532791888646151
2021-05-18,49986.6796875,50313.25,49959.19921875,50193.328125,58.803421472610914,0.010793267507112701,0.015101782194831782
2021-05-19,50088.80859375,50279.01171875,49831.3984375,49902.640625,56.14620695830391,0.010912794531786025,0.014745464323751713
2021-05-20,49971.51953125,50099.171875,49496.78125,49564.859375,53.14117537591145,0.010117086276311166,0.01465364148854593
2021-05-21,49833.98046875,50591.12109375,49832.71875,50540.48046875,59.828824580544705,0.01072889169924407,0.01479469732254872
2021-05-24,50727.28125,50857.58984375,50465.8984375,50651.8984375,60.521769179349924,0.01066608898966355,0.014260071702452717
2021-05-25,50922.3203125,50961.3515625,50474.33984375,50637.53125,60.37713940332196,0.010569587849595814,0.013932223817745764
2021-05-26,50899.578125,51072.609375,50620.44921875,51017.51953125,62.902230356954675,0.01047266653727748,0.013473767290505353
2021-05-27,51128.80078125,51282.8984375,50891.66015625,51115.21875,63.545492518247634,0.010265437152569171,0.01303415936176733
2021-05-28,51381.26953125,51529.3203125,51258.69140625,51422.87890625,65.57009990343207,0.009788407562783027,0.012605940260884328
2021-05-31,51476.21875,52013.21875,51179.94140625,51937.44140625,68.70101568656789,0.009957099540486182,0.012735535712322546
2021-06-01,52067.51171875,52228.6484375,51808.87890625,51934.87890625,68.66752705085008,0.008523586627865285,0.012403767590504173
2021-06-02,51749.1015625,51913.921875,51450.578125,51849.48046875,67.48686852317056,0.008533130426801918,0.012203934050316716
2021-06-03,52121.578125,52273.23046875,51942.19921875,52232.4296875,69.97954607350025,0.008031870353398744,0.011828624715307217
2021-06-04,52367.51953125,52389.01953125,51952.69921875,52100.05078125,68.0376808337956,0.008074192072530274,0.011609821184933053
2021-06-07,52231.37890625,52378.69140625,52054.76171875,52328.51171875,69.6052420345153,0.008061587779604272,0.011175646440749549
2021-06-08,52428.71875,52432.4296875,52135.0390625,52275.5703125,68.76362754711465,0.007893966122199478,0.010794245725635154
2021-06-09,52401.41015625,52446.921875,51717.0703125,51941.640625,63.54454939042772,0.007862843427718952,0.011091336674970718
2021-06-10,52143.8984375,52346.3515625,51957.921875,52300.46875,66.48796725245575,0.007344634867086607,0.01078116510952297
2021-06-11,52477.19140625,52641.53125,52388.94921875,52474.76171875,67.84597686832953,0.007317229941457822,0.010442084243966462
2021-06-14,52492.33984375,52590.921875,51936.30859375,52551.53125,68.45238129292892,0.006593736963741624,0.01057181340375215
2021-06-15,52751.828125,52869.51171875,52671.2890625,52773.05078125,70.19887687598865,0.006226814101465647,0.010205865533174869
2021-06-16,52782.2109375,52816.30859375,52425.5703125,52501.98046875,65.42573713751969,0.006182123843061286,0.01005740136696247
2021-06-17,52122.25,52523.87890625,52040.51171875,52323.328125,62.41366667408667,0.0059555045942103315,0.010030765602153758
2021-06-18,52568.0703125,52586.41015625,51601.109375,52344.44921875,62.63269518329648,0.004467805341460354,0.010655052960442862
2021-06-21,51887.55078125,52629.1796875,51740.19140625,52574.4609375,65.02309375973198,0.004505828070530615,0.01105848673352351
2021-06-22,52885.0390625,53057.109375,52520.55078125,52588.7109375,65.17174203814784,0.004493611768775105,0.01099459258438794
2021-06-23,52912.3515625,52912.3515625,52264.12109375,52306.078125,59.748054534171004,0.004572066484335342,0.011149645684833332
2021-06-24,52514.5703125,52830.6796875,52385.05078125,52699.0,64.20763528415952,0.004779746595913235,0.010987097423698062
2021-06-25,52877.16015625,52973.0703125,52614.48828125,52925.0390625,66.50658048178357,0.00470992568044053,0.010642680104923885
2021-06-28,53126.73046875,53126.73046875,52673.5,52735.58984375,62.86221510827282,0.00438316654349952,0.010531876203344602
2021-06-29,52795.76171875,52816.421875,52477.76953125,52549.66015625,59.42080501413456,0.004485107744338817,0.010274517298706471
2021-06-30,52651.08984375,52875.921875,52448.640625,52482.7109375,58.185586975993154,0.004476142772107354,0.010134320177747283
2021-07-01,52638.5,52638.5,52281.01171875,52318.6015625,55.158729912408724,0.004252377861117989,0.009928023163781535
2021-07-02,52434.55078125,52527.8984375,52177.6796875,52484.671875,57.564473740029456,0.004258778226740189,0.009666335825813142
2021-07-05,52682.890625,52919.171875,52604.3515625,52880.0,62.69528038355588,0.004466141612505704,0.009495688395109787
2021-07-06,52874.8515625,53129.37109375,52804.1796875,52861.1796875,62.309037138466884,0.0044566601457658285,0.009259978517717376
2021-07-07,52919.7109375,53105.41015625,52751.76171875,53054.76171875,64.71681660226291,0.0041889221922767625,0.0090433009594405
2021-07-08,53065.69140625,53103.03125,52428.83984375,52568.94140625,55.188365390241074,0.0045409884625061915,0.009391019990086298
2021-07-09,52508.23828125,52555.73046875,52228.01171875,52386.19140625,52.081954891390055,0.004553874018185746,0.00921551113391665
2021-07-12,52634.328125,52700.51171875,52208.9609375,52372.69140625,51.84977784582034,0.004539351270180287,0.009229868374580856
2021-07-13,52694.890625,52806.859375,52545.6796875,52769.73046875,57.80715343310478,0.004765195644292938,0.009093792345401929
2021-07-14,52801.44140625,52978.578125,52611.96875,52904.05078125,59.62702435620781,0.004636623882586223,0.008917775131900079
2021-07-15,52968.890625,53266.12109375,52948.4296875,53158.8515625,62.89637738644905,0.00464698789200567,0.008727606962398186
2021-07-16,53244.3984375,53290.80859375,52997.08984375,53140.05859375,62.49440932581267,0.004653399693731611,0.008501876572576403
2021-07-19,52606.98828125,52821.171875,52405.890625,52553.3984375,51.4419437747003,0.00526564039571373,0.00898058113285893
2021-07-20,52432.87890625,52465.03125,52013.51171875,52198.51171875,46.127412879981485,0.005476672829474251,0.009134589226410517
2021-07-22,52494.55859375,52867.26171875,52471.23046875,52837.2109375,55.11494833660834,0.006010611739215378,0.009283643361917022
2021-07-23,52967.87109375,53114.69921875,52653.76953125,52975.80078125,56.79911524355978,0.005808370580297764,0.009219456647091557
2021-07-26,52985.26171875,53103.421875,52783.62890625,52852.26953125,54.82447494700237,0.005755614776953363,0.00901312592671537
2021-07-27,52995.71875,53024.69921875,52433.1796875,52578.76171875,50.62773100666559,0.005817966883337416,0.009216450303521966
2021-07-28,52673.69140625,52673.69140625,51802.73046875,52443.7109375,48.64752317990089,0.00579248959116055,0.009766423693050079
2021-07-29,52693.53125,52777.1796875,52561.390625,52653.0703125,51.79521669504046,0.005855417717813787,0.009485142518988115
2021-07-30,52792.359375,52910.23046875,52533.91015625,52586.83984375,50.73573107676035,0.005814798922086345,0.009329880034898808
2021-08-02,52901.28125,52986.76953125,52804.078125,52950.62890625,56.05324587996223,0.0059705923792942196,0.009143430426937176
2021-08-03,53125.96875,53887.98046875,53088.3515625,53823.359375,65.63608997504312,0.006792094203079037,0.00959661213423689
2021-08-04,54071.21875,54465.91015625,54034.30859375,54369.76953125,70.04083374444755,0.007087644245164643,0.009665738348675245
2021-08-05,54576.640625,54717.23828125,54230.890625,54492.83984375,70.94421265686755,0.007071201981513555,0.009592556746908155
2021-08-06,54492.171875,54633.578125,54210.328125,54277.71875,67.13360220978913,0.006749889452113665,0.009499667012491785
2021-08-09,54385.7109375,54584.73046875,54124.26953125,54402.8515625,68.20347020783983,0.006643774711428655,0.009405394909000764
2021-08-10,54461.30859375,54779.66015625,54308.76953125,54554.66015625,69.50058792739998,0.006626862562670818,0.0093258165888429
2021-08-11,54730.6484375,54758.73828125,54167.19921875,54525.9296875,68.92749741846349,0.00651856821369265,0.009439161612369292
2021-08-12,54641.21875,54874.1015625,54536.6484375,54843.98046875,71.70866184438232,0.006583283232061814,0.009167563833992387
2021-08-13,54911.94921875,55487.7890625,54905.48828125,55437.2890625,76.02047442194146,0.0068553690710474215,0.009251151435276595
2021-08-16,55479.73828125,55680.75,55281.01953125,55582.578125,76.9470274595562,0.006831588457352945,0.009081589615668385
2021-08-17,55565.640625,55854.87890625,55386.48828125,55792.26953125,78.25307773144439,0.006068996077485639,0.009000871600678244
2021-08-18,56073.30859375,56118.5703125,55514.890625,55629.48828125,74.7143635031443,0.005797716396844586,0.009157537042401971
2021-08-20,55159.12890625,55543.16015625,55013.98046875,55329.3203125,68.55770602262672,0.0056960139864537076,0.009344162328180302
2021-08-23,55695.83984375,55781.171875,55240.2890625,55555.7890625,70.53075778972521,0.0057096872473736265,0.009336770030948805
2021-08-24,55647.109375,56023.21875,55536.83984375,55958.98046875,73.69552364284911,0.005694814568636824,0.00922822649788392
2021-08-25,56067.05859375,56198.12890625,55899.9609375,55944.2109375,73.38462571471344,0.005428956341921956,0.008952025284126053
2021-08-26,55988.41015625,56112.390625,55854.0703125,55949.1015625,73.42460534524884,0.0053140263867659104,0.008641658226638758
2021-08-27,55862.9296875,56188.23046875,55675.87109375,56124.71875,74.88359119268846,0.005311118881356237,0.008651355544372368
2021-08-30,56329.25,56958.26953125,56309.859375,56889.76171875,80.02763204317421,0.005676539200107196,0.008971943812166072
2021-08-31,56995.1484375,57625.26171875,56859.1015625,57552.390625,83.23110178936153,0.005897630413193744,0.009186056104754352
2021-09-01,57763.53125,57918.7109375,57263.8984375,57338.2109375,78.82986785026725,0.005403060406662032,0.009377498551504661
2021-09-02,57423.6484375,57892.37109375,57287.7890625,57852.5390625,81.37665770644934,0.005329791030789285,0.009376720074469908
2021-09-03,57983.44921875,58194.7890625,57764.0703125,58129.94921875,82.59301159866641,0.00533862277128452,0.009194658676182485
2021-09-06,58411.62109375,58515.8515625,58200.2890625,58296.91015625,83.29997455410249,0.005066299307809339,0.008986273726276495
2021-09-07,58418.69140625,58553.0703125,58005.0703125,58279.48046875,82.92135866448093,0.00513355614927164,0.009018533057798898
2021-09-08,58350.55859375,58372.94140625,57924.48046875,58250.26171875,82.24647644840985,0.005207753973240304,0.008928471733421841
2021-09-09,58172.98046875,58334.58984375,58084.98828125,58305.0703125,82.53364414782054,0.00516147438397714,0.008588712933036122
2021-09-13,58262.109375,58314.640625,57944.62890625,58177.76171875,79.3240533138341,0.005269318192912598,0.008446972525490181
2021-09-14,58482.62109375,58482.62109375,58214.2890625,58247.08984375,79.78508106812117,0.004947505189201219,0.008208131459297711
2021-09-15,58354.109375,58777.05859375,58272.8203125,58723.19921875,82.64677864563478,0.005107607584184421,0.00820467386095875
2021-09-16,58881.0390625,59204.2890625,58700.5,59141.16015625,84.69509076680664,0.005195887638569362,0.008173241920838696
2021-09-17,59409.98046875,59737.3203125,58871.73046875,59015.890625,81.58673980638208,0.005151402818593466,0.008653196005714738
2021-09-20,58634.69140625,59202.55859375,58389.69140625,58490.9296875,69.9937078971527,0.005501057173338708,0.009099892098901182
2021-09-21,58630.05859375,59084.51171875,58232.5390625,59005.26953125,73.9059584847589,0.0056563608960149316,0.009407595110882225
2021-09-22,59166.1484375,59178.44140625,58878.37890625,58927.328125,72.36619914609264,0.005643885909215563,0.009110898174098816
2021-09-23,59358.1796875,59957.25,59243.1484375,59885.359375,78.33975446726987,0.006353933257134726,0.009553221449678762
2021-09-24,60158.76171875,60333.0,59946.55078125,60048.46875,79.16552386261526,0.0063087210662620295,0.009379228010395025
2021-09-27,60303.7890625,60412.3203125,59887.19140625,60077.87890625,79.31862482210829,0.006345182623346702,0.009329362737361143
2021-09-28,60285.890625,60288.44140625,59045.53125,59667.6015625,71.43262400273377,0.006268642283315167,0.01021044461961667
2021-09-29,59296.5390625,59678.66015625,59111.41015625,59413.26953125,66.98654257145485,0.006042711884317309,0.0102036797315434
2021-09-30,59549.5703125,59557.23828125,59019.28125,59126.359375,62.27741019813078,0.006099105317983026,0.010170709916323208
2021-10-01,58889.76953125,58890.078125,58551.140625,58765.578125,56.86397125643037,0.006067130117694501,0.010201380592826215
2021-10-04,59143.0,59548.8203125,58952.109375,59299.3203125,62.11115551260791,0.006285672343347785,0.01033089720450657
2021-10-05,59320.140625,59778.87109375,59127.0390625,59744.87890625,65.84610219300825,0.006440945847939367,0.010300738694228047
2021-10-06,59942.0,59963.5703125,59079.859375,59189.73046875,58.15405360759665,0.006857105499327103,0.01072112134058821
2021-10-07,59632.80859375,59914.91015625,59597.05859375,59677.828125,62.321653918243875,0.007045977637343863,0.01074187330012851
2021-10-08,59960.390625,60212.30078125,59830.9296875,60059.05859375,65.23406172392697,0.007138927460529215,0.01054693324845041
2021-10-11,60099.6796875,60476.12890625,59811.421875,60135.78125,65.8068838016781,0.00708709369690909,0.010570617159622406
2021-10-12,60045.75,60331.73828125,59885.390625,60284.30859375,66.94242843097143,0.007088438060553214,0.010320249918239875
2021-10-13,60619.91015625,60836.62890625,60452.2890625,60737.05078125,70.19201005719223,0.0070584978026179855,0.01016120062069341
2021-10-14,61088.8203125,61353.25,60978.0390625,61305.94921875,73.69161592870506,0.00716524021114777,0.010065787117275111
2021-10-18,61817.3203125,61963.0703125,61624.6484375,61765.58984375,76.13002598442418,0.00720999506665132,0.010037171362457084
2021-10-19,62156.48046875,62245.4296875,61594.2890625,61716.05078125,75.319745329343,0.006759641635913809,0.010081325266604017
2021-10-20,61800.0703125,61880.359375,61109.2890625,61259.9609375,68.13012465799639,0.006959493031468991,0.01032998755767031
2021-10-21,61557.94140625,61621.19921875,60485.6484375,60923.5,63.32770799676743,0.00712173020297007,0.010976459971147275
2021-10-22,61044.5390625,61420.12890625,60551.1484375,60821.62109375,61.904792106124155,0.006282128507220469,0.011230025681737978
2021-10-25,61398.75,61404.98828125,60449.6796875,60967.05078125,63.17671693834884,0.006277160332080005,0.01152223939847864
2021-10-26,60997.8984375,61497.7109375,60791.2890625,61350.26171875,66.36362672753125,0.006395870600855916,0.011454861232323303
2021-10-27,61499.69921875,61576.8515625,60989.390625,61143.328125,63.1836094253179,0.006214629882752913,0.011358936435429732
2021-10-28,61081.0,61081.0,59777.578125,59984.69921875,49.020081512018656,0.007632452947297328,0.012377622299010911
2021-10-29,59857.328125,60132.80859375,59089.37109375,59306.9296875,42.954186675890476,0.008002110267231466,0.012881560040766902
2021-11-01,59577.48046875,60220.2109375,59355.12109375,60138.4609375,50.9702595855815,0.008419407654026649,0.01288079466211272
2021-11-02,60360.609375,60421.140625,59881.75,60029.05859375,49.97525375769554,0.008232134927357894,0.01262435707894827
2021-11-03,60275.2109375,60361.8203125,59552.48828125,59771.921875,47.622155910119396,0.00813522315963092,0.0127402145847884
2021-11-04,60207.96875,60207.96875,60011.4609375,60067.62109375,50.508112275268445,0.007893470716107215,0.012290480922794311
2021-11-08,60385.76171875,60609.16015625,59779.19140625,60545.609375,54.83973277521864,0.00787943610843935,0.012301644781670996
2021-11-09,60609.71875,60670.46875,60213.640625,60433.44921875,53.65309758993926,0.00778325871450953,0.011984098436438106
2021-11-10,60295.26171875,60506.5,59967.44921875,60352.8203125,52.76912533593507,0.007788107552338421,0.011780933689465195
2021-11-11,60291.69921875,60293.25,59656.26171875,59919.69140625,48.17718402736242,0.0079373771293904,0.011848861872371583
2021-11-12,60248.0390625,60750.71875,59997.9609375,60686.69140625,55.553170310872204,0.008286452791423123,0.011841581055111688
2021-11-15,60837.3984375,61036.55859375,60597.359375,60718.7109375,55.83577152889702,0.007991453526946806,0.01150662261860959
2021-11-16,60755.37890625,60802.7890625,60199.55859375,60322.37109375,51.47311391988363,0.007871262775692401,0.011469217209290831
2021-11-17,60179.9296875,60426.609375,59944.76953125,60008.328125,48.255795040427074,0.00792185640863318,0.011279261486730573
2021-11-18,59968.75,60177.51953125,59376.5,59636.01171875,44.68942642670118,0.00787853045282425,0.011498403122679355
2021-11-22,59710.48046875,59778.37109375,58011.921875,58465.890625,35.74758804240224,0.008864534194875555,0.01304887204731755
2021-11-23,57983.94921875,58834.94921875,57718.33984375,58664.328125,38.01276392758568,0.008947980515737204,0.013435385893601322
2021-11-24,58839.3203125,58968.12109375,58143.44140625,58340.98828125,35.79817299560395,0.008927742752329024,0.013554538264462814
2021-11-25,58363.9296875,58901.578125,58143.859375,58795.08984375,40.99712378889744,0.009007835407571352,0.01340967883289454
2021-11-26,58254.7890625,58254.7890625,56993.890625,57107.1484375,30.96088928736954,0.010848399665246587,0.015072796215152055
2021-11-29,57028.0390625,57626.51171875,56382.9296875,57260.578125,32.57660426081635,0.01026604682087512,0.015509946906799335
2021-11-30,57272.078125,58183.76953125,56867.51171875,57064.87109375,31.561956751934062,0.010049319731020067,0.016099057104924375
2021-12-01,57365.8515625,57846.44921875,57346.78125,57684.7890625,38.13500530905664,0.009811821705408258,0.01575626579666293
2021-12-02,57781.48046875,58513.9296875,57680.41015625,58461.2890625,45.23074982847331,0.010403403965019693,0.015454889685742513
2021-12-03,58555.578125,58757.08984375,57640.5703125,57696.4609375,40.32470751437417,0.010721229153065955,0.01592346440042631
2021-12-06,57778.01171875,57781.4609375,56687.62109375,56747.140625,35.21846402179571,0.011087225624460339,0.016410264078199083
2021-12-07,57125.98046875,57905.62890625,56992.26953125,57633.6484375,42.53623552992692,0.011592378997204467,0.016439491963797227
2021-12-08,58158.55859375,58702.6484375,58122.26953125,58649.6796875,49.56769678880853,0.012422037661201072,0.01630271076822841
2021-12-09,58831.41015625,58889.9609375,58340.8515625,58807.12890625,50.57694782699342,0.012457220424294072,0.015764662205471614
2021-12-10,58696.7109375,58859.91015625,58414.76171875,58786.671875,50.4357215784869,0.012380256559041588,0.015184585250792852
2021-12-13,59103.71875,59203.37109375,58242.80078125,58283.421875,46.96170028358687,0.012054411977743238,0.015398934462138612
2021-12-14,58059.76171875,58322.421875,57803.87109375,58117.08984375,45.83788331984497,0.012040513300073462,0.014977257282155562
2021-12-15,58122.0,58218.25,57671.609375,57788.03125,43.61425469592433,0.01202548525228043,0.014662317562563637
2021-12-16,58243.4296875,58337.19921875,57683.109375,57901.140625,44.60894387981201,0.012035986618405936,0.014395317073855841
2021-12-17,58021.62890625,58062.28125,56950.98046875,57011.73828125,38.81119459623552,0.012388355745554436,0.014967931866148644
2021-12-20,56517.26171875,56538.1484375,55132.6796875,55822.01171875,32.69059598262754,0.012486226988145407,0.01659941735023304
2021-12-21,56320.01953125,56900.73828125,56047.21875,56319.01171875,37.14960944981437,0.01267641530114857,0.016645855546818793
2021-12-22,56599.46875,56989.01171875,56471.03125,56930.55859375,42.22168761066402,0.01296253438547734,0.016131451637268715
2021-12-23,57251.1484375,57490.51953125,57146.28125,57315.28125,45.216897592625116,0.012927366170999932,0.015576504267525916
2021-12-24,57567.109375,57623.69140625,56813.421875,57124.30859375,43.99762785883515,0.011169371166786237,0.015525416956849515
2021-12-27,56948.328125,57512.01171875,56543.078125,57420.23828125,46.40915241139535,0.01121432062415299,0.015547475928133875
2021-12-28,57751.2109375,57952.48046875,57650.2890625,57897.48046875,50.138122244266484,0.011323341625419519,0.01497457122397354
2021-12-29,57892.30859375,58097.0703125,57684.578125,57806.48828125,49.43187736747255,0.011079003688139235,0.014436542406350892
2021-12-30,57755.3984375,58010.03125,57578.98828125,57794.3203125,49.33180528960454,0.010630230213390815,0.01394091342293906
2021-12-31,57849.76171875,58409.30078125,57846.51953125,58253.8203125,53.18600021176482,0.010357522424149564,0.013597089199897662
2022-01-03,58310.08984375,59266.390625,58306.44921875,59183.21875,59.84013500195568,0.010078274824945912,0.013649672074859355
2022-01-04,59343.7890625,59937.328125,59084.3984375,59855.9296875,63.845893081897565,0.009825004689616026,0.01355008316793793
2022-01-05,59921.98046875,60332.71875,59661.37890625,60223.1484375,65.8484459326084,0.009184148369826532,0.013301751028590115
2022-01-06,59731.75,59781.859375,59290.578125,59601.83984375,59.81199300180158,0.009539435979688652,0.013598002522118315
2022-01-07,59776.1015625,60130.1796875,59401.44140625,59744.6484375,60.70369485988143,0.009543713879430562,0.013467788289225808
2022-01-10,60070.390625,60427.359375,59987.1796875,60395.62890625,64.56355564176432,0.009525018308279962,0.01317843542028144
2022-01-11,60342.69921875,60689.25,60281.51953125,60616.890625,65.79340734112424,0.009469297151105614,0.012672904715371252
2022-01-12,61014.37109375,61218.19140625,60850.9296875,61150.0390625,68.61951558881229,0.009394616239601096,0.012367469974553246
2022-01-13,61259.98828125,61348.5703125,60949.80859375,61235.30078125,69.05975942931906,0.0093982022088058,0.011933229135175832
2022-01-14,61040.3203125,61324.58984375,60757.03125,61223.03125,68.90993795196155,0.008402356903059379,0.011745243775330386
2022-01-17,61219.640625,61385.48046875,61107.6015625,61308.91015625,69.41016748695044,0.006126048869339524,0.01121476637008583
2022-01-18,61430.76953125,61475.1484375,60662.5703125,60754.859375,62.4311132866858,0.006762931301136769,0.01146401477158743
2022-01-19,60845.58984375,60870.171875,59949.21875,60098.8203125,55.33619232162346,0.00729447407745586,0.011855929168349764
2022-01-20,60045.48046875,60045.48046875,59068.30859375,59464.62109375,49.48191045925128,0.007803680030947188,0.012364335497626337
2022-01-21,59039.37109375,59329.62890625,58620.9296875,59037.1796875,45.95320255430345,0.007985102763170077,0.012585069626656417
2022-01-24,59023.96875,59023.96875,56984.01171875,57491.51171875,35.965247038127785,0.010111978929176457,0.014551215398938722
2022-01-25,57158.62890625,57966.9296875,56409.62890625,57858.1484375,39.33356972779603,0.010038729932921833,0.015348780885661639
2022-01-27,57317.37890625,57508.609375,56439.359375,57276.94140625,36.092458032032724,0.010285383578588483,0.01616639798151702
2022-01-28,57795.109375,58084.328125,57119.28125,57200.23046875,35.67462652560958,0.010287042333642643,0.01623688595761706
2022-01-31,57845.91015625,58257.62890625,57746.1484375,58014.171875,43.18968641927771,0.010642656407987465,0.016167472604932343
2022-02-01,58672.859375,59032.19921875,57737.66015625,58862.5703125,49.77613977660388,0.010542316899118737,0.016367170341772753
2022-02-02,59293.44140625,59618.51171875,59193.05078125,59558.328125,54.44102822631766,0.010568662056092365,0.015927147290621335
2022-02-03,59528.16015625,59557.87109375,58653.94140625,58788.01953125,49.01309343373524,0.010825050984132795,0.016082130170981108
2022-02-04,58918.6484375,58943.62109375,58446.94921875,58644.8203125,48.053918763509735,0.010614887101007433,0.015574810456532896
2022-02-07,58549.671875,58707.76171875,57299.05078125,57621.19140625,41.76237335208297,0.011222166293653173,0.016465515180706464
2022-02-08,57799.671875,57925.8203125,57058.76953125,57808.578125,43.227737877109575,0.010895562329188624,0.016311178613980917
2022-02-09,58163.01171875,58507.609375,58105.1796875,58465.96875,48.15616675716118,0.011240461782070827,0.015829806746489213
2022-02-10,58810.53125,59060.23828125,58332.28125,58926.03125,51.33980801837546,0.011196808408674552,0.015466753809632076
2022-02-11,58447.1484375,58447.1484375,57914.1015625,58152.921875,46.20499391839795,0.011447207110138358,0.01579586165855018
2022-02-14,56720.3203125,57191.91015625,56295.69921875,56405.83984375,37.16008456009036,0.013013615284097965,0.01747375336513728
2022-02-15,56731.55859375,58211.37890625,56438.46875,58142.05078125,48.044823146060864,0.015096197385917241,0.01795924366671349
2022-02-16,58310.6796875,58569.21875,57780.28125,57996.6796875,47.305969179181545,0.01502028711751268,0.01768989427105503
2022-02-17,58217.69140625,58346.0,57635.4296875,57892.01171875,46.74852631987314,0.014885381918831956,0.017332747901905525
2022-02-18,57488.390625,58175.3515625,57488.390625,57832.96875,46.416254448180354,0.014742863020074357,0.016959580340728232
2022-02-21,57551.6484375,58141.9609375,57167.01953125,57683.58984375,45.534451523221506,0.014682855103389063,0.01699621638071352
2022-02-22,56438.640625,57505.8515625,56394.8515625,57300.6796875,43.26544913446383,0.013500483959017694,0.017494150939016608
2022-02-23,57632.94140625,57733.37109375,57109.23828125,57232.05859375,42.85332805132279,0.013413772991409724,0.0170429959807889
2022-02-24,55418.44921875,55996.08984375,54383.19921875,54529.91015625,30.523557090852037,0.017077256469138248,0.020341567735310043
2022-02-25,55321.71875,56183.69921875,55299.28125,55858.51953125,39.70891983263816,0.018080711001562454,0.020554096046014048
2022-02-28,55329.4609375,56324.5390625,54833.5,56247.28125,42.12024769787617,0.017829796207721554,0.02084750533499282
2022-03-02,55629.30078125,55755.08984375,55020.1015625,55468.8984375,38.77626797175881,0.017614381486466855,0.021210317336989745
2022-03-03,55921.44140625,55996.62109375,54931.48046875,55102.6796875,37.276779518562975,0.017282276753203644,0.021206913703503083
2022-03-04,54653.58984375,55013.26953125,53887.71875,54333.80859375,34.27961429006503,0.017312536120034406,0.02156801290112239
2022-03-07,53172.51171875,53203.87109375,52367.1015625,52842.75,29.35103662314114,0.018109090847151503,0.023250988928164205
2022-03-08,52430.05859375,53484.26171875,52260.8203125,53424.08984375,33.37315623160384,0.018205203595473205,0.022991021992849508
2022-03-09,53793.98828125,54893.73046875,53367.51953125,54647.328125,40.9863568058754,0.01909391954434202,0.022865813332797146
2022-03-10,56242.46875,56242.46875,54982.8203125,55464.390625,45.46858245603015,0.019247161260919327,0.022974024126790494
2022-03-11,55218.78125,55833.94921875,55049.94921875,55550.30078125,45.933571675853464,0.019117971499432476,0.0223081256153164
2022-03-14,55614.3984375,56545.828125,55556.46875,56486.01953125,50.84954117792215,0.01944056378025801,0.02163041862527244
2022-03-15,56663.87109375,56720.6015625,55418.94921875,55776.8515625,47.3366290258434,0.018419016174258188,0.02200767509728933
2022-03-16,56555.328125,56860.890625,56389.26171875,56816.6484375,52.51637215735835,0.017543497691309508,0.021424534990995163
2022-03-17,57620.28125,58095.83984375,57518.05859375,57863.9296875,57.09377731436996,0.01806621422051872,0.021113208474462727
2022-03-21,58030.41015625,58127.94921875,57229.078125,57292.48828125,54.03302754509658,0.018196955693933554,0.020921320123581378
2022-03-22,57297.5703125,58052.87109375,56930.30078125,57989.30078125,57.05623582384534,0.01841282654053117,0.020576232452192308
2022-03-23,58198.640625,58416.55859375,57568.58984375,57684.8203125,55.343398253774254,0.018443372143179586,0.020257354640230842
2022-03-24,57190.05078125,57827.98828125,57138.51171875,57595.6796875,54.824492362289675,0.018381506648639617,0.019694583319234755
2022-03-25,57801.71875,57845.37109375,57100.23828125,57362.19921875,53.411888853472874,0.018404576960696216,0.01929011848658948
2022-03-28,57472.71875,57638.33984375,56825.08984375,57593.48828125,54.658220003173206,0.014443621977400135,0.01884892782662195
2022-03-29,57814.76171875,58001.53125,57639.3515625,57943.6484375,56.55323272237537,0.013578663762791885,0.017899810432777823
2022-03-30,58362.8515625,58727.78125,58176.0,58683.98828125,60.328448888397396,0.013752581078455468,0.017365989096808615
2022-03-31,58779.7109375,58890.921875,58485.7890625,58568.51171875,59.46056663544918,0.013269120836377605,0.016651444266195067
2022-04-01,58530.73046875,59396.62109375,58450.0390625,59276.69140625,62.978051391276324,0.013233029952085524,0.01641796381430542
2022-04-04,59764.12890625,60845.1015625,59760.21875,60611.73828125,68.52287071895742,0.013168055739375933,0.016757767234648027
2022-04-05,60786.0703125,60786.0703125,60067.1796875,60176.5,65.09974635226577,0.011063174732325117,0.016526642280220574
2022-04-06,59815.7109375,59941.5703125,59509.83984375,59610.41015625,60.842423430830216,0.011560691483236782,0.0162907325845292
2022-04-07,59402.609375,59504.921875,58977.3515625,59034.94921875,56.7775317744859,0.01129271670094805,0.01604052591318205
2022-04-08,59256.96875,59654.44140625,58876.359375,59447.1796875,58.89606274375094,0.011023709797565265,0.01572638976735392
2022-04-11,59333.1796875,59355.76171875,58894.3984375,58964.5703125,55.46830219843735,0.011321913030259369,0.015392227328838744
2022-04-12,58743.5,58794.78125,58298.5703125,58576.37109375,52.80603665117295,0.011031051522047844,0.015199630700693452
2022-04-13,58910.73828125,59003.8203125,58291.23046875,58338.9296875,51.18773710693451,0.010598031071817466,0.0150438623046884
2022-04-18,57338.578125,57420.80078125,56842.390625,57166.73828125,44.01616597412964,0.011011561052674373,0.016125630515731463
2022-04-19,57381.76953125,57464.078125,56009.0703125,56463.1484375,40.360931256848886,0.010501767386207292,0.017001043127200518
2022-04-20,56741.4296875,57216.51171875,56521.328125,57037.5,44.41859024683422,0.010584044440036692,0.016571159028377327
2022-04-21,57458.6015625,57991.53125,57311.859375,57911.6796875,49.99512745643718,0.010796021217799158,0.01633193684085115
2022-04-22,57531.94921875,57689.859375,57134.71875,57197.1484375,45.93805426453983,0.011091560936704149,0.016325101524990667
2022-04-25,56757.640625,56875.6484375,56356.87109375,56579.890625,42.71342624182453,0.011333565329311837,0.016385197635398443
2022-04-26,57066.23828125,57442.23828125,56904.51171875,57356.609375,47.68940548760836,0.011755789796902708,0.01608270578455406
2022-04-27,56983.6796875,57079.03125,56584.0390625,56819.390625,44.791442608146184,0.01189644362332939,0.01604634982882328
2022-04-28,57296.30859375,57790.8515625,56936.94140625,57521.05859375,49.13877547459765,0.012159803048285725,0.0159247647711239
2022-04-29,57817.51171875,57975.48046875,56902.30078125,57060.87109375,46.54983259441534,0.011867764424627494,0.01624994087900258
2022-05-02,56429.44921875,57054.23046875,56412.62109375,56975.98828125,46.06770241410666,0.011867041643114886,0.01592439645729031
2022-05-04,57124.91015625,57184.2109375,55501.6015625,55669.03125,39.31562237611602,0.012377018712818674,0.017293041711428807
2022-05-05,56255.0703125,56566.80078125,55613.8203125,55702.23046875,39.55796585533997,0.01089498653651226,0.017270288035079982
2022-05-06,54928.2890625,55070.12109375,54586.75,54835.578125,35.56513731218914,0.011178218842363486,0.017743168723144128
2022-05-09,54188.2109375,54795.46875,53918.01953125,54470.671875,34.008610288468574,0.01113257373872187,0.01778938754420881
2022-05-10,54309.30859375,54857.01953125,54226.328125,54364.8515625,33.55004861843058,0.011077136293343039,0.017379519538799352
2022-05-11,54544.91015625,54598.55078125,53519.30078125,54088.390625,32.323794110948654,0.010766165577740534,0.017645858202796624
2022-05-12,53608.3515625,53632.55078125,52702.30078125,52930.30859375,27.748516390080624,0.01139651489800203,0.018614448127632167
2022-05-13,53565.73828125,53785.7109375,52654.890625,52793.62109375,27.25810011753208,0.011409538743026675,0.018859570953278355
2022-05-16,52946.3203125,53428.28125,52632.48046875,52973.83984375,29.038844723886257,0.011569786733627187,0.018525918209886194
2022-05-17,53285.19140625,54399.421875,53176.01953125,54318.46875,40.70263150514003,0.012761784792311845,0.018651429604970748
2022-05-18,54554.890625,54786.0,54130.890625,54208.53125,40.121961822303824,0.01255034775205444,0.018217522100065556
2022-05-19,53070.30078125,53356.0390625,52669.51171875,52792.23046875,33.49287873985922,0.013328020235976172,0.019452410640678642
2022-05-20,53513.96875,54396.4296875,53403.2890625,54326.390625,44.240037467585644,0.014616556500514251,0.019662068657092847
2022-05-23,54459.94921875,54931.30078125,54191.55078125,54288.609375,44.05124961248215,0.01446158519714284,0.01924364463384049
2022-05-24,54307.55859375,54524.37109375,53886.28125,54052.609375,42.82198404942306,0.014339203775075457,0.018790329845018248
2022-05-25,54254.0703125,54379.58984375,53683.16015625,53749.26171875,41.229380722826555,0.013852312583395842,0.018472137253393257
2022-05-26,53950.83984375,54346.21875,53425.25,54252.53125,44.891275574797355,0.014045550562019204,0.018206125328530148
2022-05-27,54671.5,54936.62890625,54449.33984375,54884.66015625,49.17491959241791,0.014008680046120105,0.017601283701134954
2022-05-30,55507.75,56082.6484375,55466.30078125,55925.73828125,55.33296009152451,0.014702426905143067,0.017569873996280013
2022-05-31,55622.01171875,55925.62109375,55369.140625,55566.41015625,52.94839154308038,0.01475271384683607,0.017135871281282716
2022-06-01,55588.26953125,55791.48828125,55091.4296875,55381.171875,51.711206132397706,0.013837169942162489,0.016868011826003414
2022-06-02,55382.44140625,55891.921875,55135.109375,55818.109375,54.41678519503121,0.013955586483641834,0.01650901223389994
2022-06-03,56245.6015625,56432.6484375,55719.359375,55769.23046875,54.05193718818844,0.013458020791990394,0.01625680506834047
2022-06-06,55610.640625,55832.28125,55295.73828125,55675.3203125,53.3123612345054,0.013357111328569676,0.0158094241893734
2022-06-07,55373.1796875,55387.76953125,54882.41015625,55107.33984375,48.94992518809418,0.01358389978656483,0.015859232979330132
2022-06-08,55345.51171875,55423.96875,54683.30078125,54892.48828125,47.37085238866771,0.013559817280145015,0.015747860937643614
2022-06-09,54514.171875,55366.83984375,54507.41015625,55320.28125,50.775786520222915,0.012562890595457668,0.015619614090662324
2022-06-10,54760.25,54780.78125,54205.98828125,54303.44140625,43.56156535080618,0.01336522353580851,0.016241211853318893
2022-06-13,53184.609375,53207.5390625,52527.078125,52846.69921875,35.729525809964926,0.014799058905432412,0.01789780836182611
2022-06-14,52495.94140625,53095.3203125,52459.48046875,52693.5703125,35.01682488162703,0.01356371260161848,0.017529600188270853
2022-06-15,52650.41015625,52867.73046875,52493.359375,52541.390625,34.28489894593086,0.0135668007685687,0.016833578805170567
2022-06-16,53018.91015625,53142.5,51425.48046875,51495.7890625,29.6925755723222,0.013014470005987298,0.018330201760020905
2022-06-17,51181.98828125,51652.828125,50921.21875,51360.421875,29.148231296078094,0.010949152857759027,0.01808323488802609
2022-06-20,51470.03125,51714.609375,51062.9296875,51597.83984375,31.51948314408314,0.0110667130928677,0.017616453340065886
2022-06-21,51897.6015625,52799.3984375,51808.76171875,52532.0703125,40.02537150134958,0.011961512033082813,0.01770099771031176
2022-06-22,52186.359375,52272.8515625,51739.98046875,51822.53125,36.33411518353867,0.01223844570084587,0.01775344797663728
2022-06-23,51972.75,52516.7890625,51632.8515625,52265.71875,40.05291481446788,0.01220117190709564,0.017553583838408084
2022-06-24,52654.23828125,52909.87109375,52447.25,52727.98046875,43.74396722905343,0.01205490436126165,0.017029466300949973
2022-06-27,53468.890625,53509.5,53120.7890625,53161.28125,47.035892910010354,0.011301684021229729,0.016734253903575528
2022-06-28,52846.26171875,53301.3984375,52771.53125,53177.44921875,47.16014200499809,0.011279504395809053,0.01624594942135063
2022-06-29,52623.1484375,53244.83984375,52612.6796875,53026.96875,46.07670820168042,0.011277377189443223,0.015979868883746473
2022-06-30,52897.16015625,53377.5390625,52883.25,53018.94140625,46.01597693589388,0.011042183488957757,0.01550661607271353
2022-07-01,52863.33984375,53053.0390625,52094.25,52907.9296875,45.13008912026826,0.011035686984150993,0.01572362988184009
2022-07-04,52851.671875,53301.98828125,52674.80859375,53234.76953125,48.28671463268284,0.011209171244820038,0.01535240024399578
2022-07-05,53501.2109375,53865.9296875,53054.30078125,53134.3515625,47.38475200970624,0.011049375708283949,0.01537381578633873
2022-07-06,53170.69921875,53819.30859375,53143.28125,53750.96875,53.16943018739835,0.011429267033935687,0.015022144611884851
2022-07-07,54146.6796875,54254.7890625,53927.26171875,54178.4609375,56.721919733741665,0.011435759966168524,0.014503303203672234
2022-07-08,54574.4296875,54627.140625,54278.76953125,54481.83984375,59.09349867512841,0.01074334907573229,0.013980603598748217
2022-07-11,54248.6015625,54527.8984375,54090.53125,54395.23046875,58.114419733345265,0.00862954051797321,0.013576983783870206
2022-07-12,54219.78125,54236.48828125,53824.96875,53886.609375,52.60254993799939,0.00891890267068379,0.013482096867904218
2022-07-13,54210.1015625,54211.21875,53455.26171875,53514.1484375,48.941831634240586,0.009059359503154318,0.013615244974967416
2022-07-14,53688.62109375,53861.28125,53163.76953125,53416.1484375,47.99540019694489,0.007638095990131073,0.013598641641504096
2022-07-15,53637.87890625,53811.37109375,53361.62109375,53760.78125,51.54411197569863,0.007628237391064454,0.01314391744330003
2022-07-18,54069.30078125,54556.66015625,54034.96875,54521.1484375,58.30447264986744,0.008059168272723832,0.013077537941050925
2022-07-19,54251.87890625,54817.51953125,54232.8203125,54767.62109375,60.24085199159274,0.0072453885357422355,0.012851350144245403
2022-07-20,55486.12109375,55630.26171875,55298.23046875,55397.53125,64.74687255453318,0.006519601164050225,0.012909978344878014
2022-07-21,55391.9296875,55738.48828125,55270.75,55681.94921875,66.588151979689,0.006421085768243802,0.012526617041228304
2022-07-22,55800.83984375,56186.05078125,55685.44921875,56072.23046875,68.98222826665952,0.006349419089090874,0.012193055513428598
2022-07-25,55877.5,56018.08984375,55537.078125,55766.21875,65.04665920258269,0.006503481336322783,0.012069705844254638
2022-07-26,55834.37890625,55834.37890625,55203.4296875,55268.48828125,59.136900734073784,0.0069734180152427674,0.012123949886851948
2022-07-27,55258.2890625,55853.08984375,55157.98828125,55816.3203125,63.10968495662622,0.007093980738269403,0.01203698447106689
2022-07-28,56267.55078125,56914.21875,56236.44921875,56857.7890625,69.23353772887097,0.007897334513719616,0.012351719904361234
2022-07-29,57258.12890625,57619.26953125,57104.80859375,57570.25,72.58614021152887,0.008024247000022496,0.012272298095688434
2022-08-01,57823.1015625,58170.671875,57540.359375,58115.5,74.8452808771023,0.008098669538721551,0.012063493022838746
2022-08-02,58049.01953125,58328.41015625,57744.69921875,58136.359375,74.93039680670454,0.008022276072250398,0.01191496548035657
2022-08-03,58174.109375,58415.62890625,57788.78125,58350.53125,75.83453007488409,0.007849938455386932,0.011790629526050162
2022-08-04,58571.28125,58712.66015625,57577.05078125,58298.80078125,75.12973074821119,0.007871626019751225,0.012349522381675603
2022-08-05,58421.0390625,58649.19140625,58244.859375,58387.9296875,75.55134024415102,0.007871833879532908,0.011944546182569647
2022-08-08,58417.7109375,58934.8984375,58266.6484375,58853.0703125,77.67806870186311,0.007838114184169031,0.011814743713031145
2022-08-10,58977.33984375,58984.3203125,58583.359375,58817.2890625,77.122301534164,0.007277691582376606,0.011464440303236685
2022-08-11,59320.44921875,59484.98828125,59251.140625,59332.6015625,79.4074027705428,0.0068247040102970905,0.011356914676917802
2022-08-12,59235.98046875,59538.078125,59113.01171875,59462.78125,79.95217823179364,0.006665107275725458,0.011033222353224214
2022-08-16,59675.12109375,59923.03125,59673.9609375,59842.2109375,81.48927956898889,0.006664531155602426,0.010729537124996587
2022-08-17,59938.05078125,60323.25,59857.80078125,60260.12890625,83.03240105337417,0.006359860983962814,0.010464238405557977
2022-08-18,60080.19140625,60341.41015625,59946.44140625,60298.0,83.16932512776849,0.0064345266083618916,0.010178567126036547
2022-08-19,60351.23046875,60411.19921875,59474.5703125,59646.1484375,72.34732689211613,0.007121956521271215,0.010676468361629995
2022-08-22,59361.078125,59402.5,58705.109375,58773.87109375,60.923321066107114,0.008212739270907597,0.011204653297031806
2022-08-23,58205.96875,59199.109375,58172.48046875,59031.30078125,62.790715115520776,0.008161635995561493,0.011601181806759276
2022-08-24,58853.3203125,59170.87109375,58760.08984375,59085.4296875,63.18905209915286,0.007952587141481761,0.011259251928878071
2022-08-25,59315.98046875,59484.3515625,58666.41015625,58774.71875,59.26690795977931,0.007701738477424579,0.01150432922264663
2022-08-26,59050.671875,59321.6484375,58722.69140625,58833.87109375,59.77875165040782,0.007543916032314432,0.011399028126379274
2022-08-29,57367.46875,58208.30078125,57367.46875,57972.62109375,49.93923391684096,0.007528064986572664,0.01254882849321756
2022-08-30,58259.8515625,59599.78125,58245.48828125,59537.0703125,62.13229767954451,0.009157069901599518,0.013298449820986801
2022-09-01,58710.53125,59309.7890625,58522.5703125,58766.58984375,55.02419202711662,0.009526182870832534,0.013743547234401
2022-09-02,58969.01953125,59108.66015625,58558.640625,58803.328125,55.28686384279206,0.009526077322031468,0.013422002421056756
2022-09-05,58814.078125,59308.25,58812.19921875,59245.98046875,58.43660006614781,0.009629468790163092,0.012978916944244438
2022-09-06,59285.359375,59566.671875,58974.26171875,59196.98828125,57.95003435868591,0.009628940416642856,0.012776642674475525
2022-09-07,58789.26171875,59166.4609375,58722.890625,59028.91015625,56.22053433261535,0.009660259931353695,0.012471493805491738
2022-09-08,59374.98828125,59711.9609375,59315.7109375,59688.21875,61.12207066799846,0.009812817293175196,0.012270157365389155
2022-09-09,60045.75,60119.80078125,59634.390625,59793.140625,61.8540059731706,0.009810412773409948,0.011953592874707692
2022-09-12,59912.2890625,60284.55078125,59912.2890625,60115.12890625,64.08841583620597,0.009696297187659521,0.011624204031204979
2022-09-13,60408.2890625,60635.28125,60381.01953125,60571.078125,67.03318954992793,0.009814509727949226,0.011326043303230723
2022-09-14,59417.12109375,60649.0390625,59417.12109375,60346.96875,64.24461458432322,0.009779068104139853,0.0120142340179651
2022-09-15,60454.37109375,60676.12109375,59865.75,59934.01171875,59.34558169654256,0.009781144713826377,0.012198731646812493
2022-09-16,59585.71875,59720.55859375,58687.171875,58840.7890625,48.74775750212344,0.010582470245797341,0.013051424805104532
2022-09-19,58747.30859375,59277.55078125,58487.76171875,59141.23046875,51.32057851435324,0.010417320047627892,0.013011491690678582
2022-09-20,59556.91015625,60105.7890625,59556.91015625,59719.73828125,55.91012425119371,0.010079887092377861,0.01311873246133633
2022-09-21,59504.140625,59799.0390625,59275.3984375,59456.78125,53.44362794837428,0.010107362624333887,0.012864632690351598
2022-09-22,59073.83984375,59457.578125,58832.78125,59119.71875,50.37585792200866,0.010195613052505867,0.012768718133024225
2022-09-23,59005.1796875,59143.3203125,57981.94921875,58098.921875,42.43196179366771,0.01086751841905508,0.013492812974658546
2022-09-26,57525.03125,57708.37890625,57038.23828125,57145.21875,36.62155614603002,0.011427517833030996,0.014063938917902847
2022-09-27,57376.51953125,57704.5703125,56950.51953125,57107.51953125,36.40931495327938,0.010991006104364275,0.014011139651949089
2022-09-28,56710.12890625,57213.328125,56485.671875,56598.28125,33.57840339320718,0.009030904650215507,0.01404572543228422
2022-09-29,56997.8984375,57166.140625,56314.05078125,56409.9609375,32.569869228286294,0.008691785988345265,0.014164951160008063
2022-09-30,56240.1484375,57722.62890625,56147.23046875,57426.921875,42.596612264425744,0.009760165424877225,0.014879749387738651
2022-10-03,57403.921875,57454.83984375,56683.3984375,56788.80859375,38.70726627584909,0.009778890179434412,0.01494247895133649
2022-10-04,57506.6484375,58099.94140625,57506.6484375,58065.46875,48.78302281536911,0.011195788967522595,0.015182966966042866
2022-10-06,58314.05078125,58578.76171875,58173.69921875,58222.1015625,49.87180956205681,0.011215342211386906,0.014690263500933817
2022-10-07,58092.55859375,58269.33984375,57851.1484375,58191.2890625,49.648214918754846,0.010867663495986366,0.014161502972138525
2022-10-10,57424.0703125,58125.01171875,57365.6796875,57991.109375,48.13822484256733,0.01085366737890304,0.014212275650652768
2022-10-11,58004.25,58027.51953125,57050.3984375,57147.3203125,42.298481035890916,0.011104497065552364,0.01461327650590166
2022-10-12,57312.48828125,57687.640625,57085.921875,57625.91015625,46.2791910163105,0.011143287392362635,0.01420261851929897
2022-10-13,57512.73828125,57568.140625,57055.75,57235.328125,43.633570733733364,0.011182447093950379,0.013989692290178381
2022-10-14,58162.73828125,58435.12109375,57848.23046875,57919.96875,49.12381172385713,0.011589121965648092,0.014316494923991688
2022-10-17,57752.5,58449.0,57639.80078125,58410.98046875,52.68338873211657,0.011097549331071434,0.014171676684810546
2022-10-18,58744.12890625,59143.66015625,58744.12890625,58960.6015625,56.3637266706562,0.0112482768931817,0.013924358292415945
2022-10-19,59196.9609375,59399.69140625,58961.76953125,59107.19140625,57.317293613782496,0.011027511003256505,0.013428316318423486
2022-10-20,58824.48046875,59273.8515625,58791.28125,59202.8984375,57.96318278962175,0.010997743936307739,0.013031216635883087
2022-10-21,59381.359375,59590.9296875,59132.94140625,59307.1484375,58.69636386345313,0.010928586068704652,0.012630739045669906
2022-10-24,59804.01953125,59994.25,59776.66015625,59831.66015625,62.26265337094653,0.010261651314405344,0.012446005099036797
2022-10-25,60002.9609375,60081.23828125,59489.01953125,59543.9609375,59.24117067109844,0.009483104618908451,0.012323266834294647
2022-10-27,59792.3203125,59959.94140625,59496.80078125,59756.83984375,60.758624010858036,0.00946649130510942,0.011955870058677622
2022-10-28,59746.80078125,60133.171875,59739.05078125,59959.8515625,62.203781430930604,0.009091125826747778,0.011533796605092884
2022-10-31,60246.9609375,60786.69921875,60246.9609375,60746.58984375,67.23903628075708,0.009237531327792614,0.011543492403225613
2022-11-01,61065.578125,61289.73046875,60868.69140625,61121.3515625,69.33473771703783,0.008644458575142667,0.011287967948839454
2022-11-02,61156.890625,61209.6484375,60794.390625,60906.08984375,66.69557581365451,0.008133115382964967,0.011005730277464
2022-11-03,60511.5703125,60994.37109375,60485.140625,60836.41015625,65.82217923301089,0.0068830706124223,0.010829203863560422
2022-11-04,60698.26953125,61004.48828125,60666.01171875,60950.359375,66.59263294308697,0.0068832449110776475,0.01043355515234426
2022-11-07,61188.12890625,61401.5390625,60714.359375,61185.1484375,68.18409977572176,0.0068584032763945885,0.010453348898959562
2022-11-09,61304.2890625,61447.23046875,60905.1484375,61033.55078125,65.99792473603996,0.006817573653413765,0.010365198520853665
2022-11-10,60524.26953125,60848.73046875,60425.46875,60613.69921875,60.23747308356474,0.005952724719403961,0.010408073067323623
2022-11-11,61311.01953125,61840.96875,61311.01953125,61795.0390625,68.55420339658406,0.006904310556240158,0.010898474339915035
2022-11-14,61765.859375,61916.23828125,61572.03125,61624.1484375,66.39091043835174,0.006641821061279114,0.010547046293891254
2022-11-15,61630.05078125,61955.9609375,61436.8984375,61872.98828125,67.97561535925327,0.0063577478482667975,0.010353523579082693
2022-11-16,61708.62890625,62052.5703125,61708.62890625,61980.71875,68.66447687166253,0.006248218808049058,0.009993644960603145
2022-11-17,61812.359375,62050.80078125,61643.26953125,61750.6015625,65.42702378530211,0.006227891617618342,0.009785797228357948
2022-11-18,61858.19921875,61929.87890625,61337.4296875,61663.48046875,64.19301545845798,0.00628290509378682,0.00978592006575347
2022-11-21,61456.328125,61456.328125,61059.328125,61144.83984375,57.26828321321931,0.006713278199325923,0.009869765142083129
2022-11-22,61126.55859375,61466.62890625,61073.6796875,61418.9609375,59.74027283530627,0.006743732294174778,0.009580867453873255
2022-11-23,61779.7109375,61780.8984375,61442.69140625,61510.578125,60.561449184925046,0.0065360939793162,0.009303565285466888
2022-11-24,61656.0,62412.328125,61600.421875,62272.6796875,66.65436499937015,0.0067977865523598325,0.009567632769279666
2022-11-25,62327.87890625,62447.73046875,62115.66015625,62293.640625,66.8062598160183,0.006802963076836857,0.009262007132640776
2022-11-28,62016.3515625,62701.3984375,61959.73828125,62504.80078125,68.36939800835174,0.006802886943472682,0.009418926823517478
2022-11-29,62362.078125,62887.3984375,62362.078125,62681.83984375,69.65944780465313,0.006302029062364474,0.009320068065385401
2022-11-30,62743.46875,63303.01171875,62648.37890625,63099.6484375,72.50903501280914,0.006321833626930253,0.009338086883508895
2022-12-01,63357.98828125,63583.0703125,63183.76953125,63284.19140625,73.68466898369685,0.006210378080548225,0.009191430961340355
2022-12-02,62978.578125,63148.58984375,62679.62890625,62868.5,66.75916671105611,0.006465716276352259,0.009278212335853341
2022-12-05,62865.28125,62939.62890625,62507.87890625,62834.6015625,66.21264378370813,0.006483677546636856,0.009110931829385755
2022-12-06,62395.55078125,62677.83984375,62390.0703125,62626.359375,62.810865706258724,0.006546223312195518,0.008995292941025843
2022-12-07,62615.51953125,62759.96875,62316.6484375,62410.6796875,59.40658881882043,0.006578131031976266,0.008889014532099023
2022-12-08,62504.0390625,62633.55859375,62320.1796875,62570.6796875,61.09132520897612,0.006305715016567004,0.008590721093260508
2022-12-09,62690.859375,62735.421875,61889.109375,62181.671875,55.10338181425656,0.004975410619700726,0.008999168559889014
2022-12-12,61770.55859375,62239.421875,61676.1484375,62130.5703125,54.3497551233868,0.004930797591036518,0.009010812578232478
2022-12-13,62300.671875,62567.921875,62129.5703125,62533.30078125,59.09755376577817,0.005053205306582082,0.008814002738354794
2022-12-14,62685.94140625,62835.109375,62591.28125,62677.91015625,60.67895081006286,0.005061985670462272,0.008509493184339932
2022-12-15,62530.0703125,62624.80859375,61715.609375,61799.03125,48.42494567566297,0.005976504334284947,0.00912629310827892
2022-12-16,61534.23828125,61893.21875,61292.53125,61337.80859375,43.464292292817355,0.006204445459421434,0.009237644809950925
2022-12-19,61405.80078125,61844.921875,61265.30859375,61806.19140625,49.1600305335678,0.006128233123101272,0.009182659374633173
2022-12-20,61608.8515625,61780.37109375,61102.6796875,61702.2890625,48.0046642147052,0.006074533904698658,0.009355521580886778
2022-12-21,61993.7109375,62006.4609375,60938.37890625,61067.23828125,41.57346996228026,0.006506473851686369,0.010026915217213231
2022-12-22,61257.171875,61464.37890625,60637.23828125,60826.21875,39.41522532177157,0.005819035654508345,0.010318915893181197
2022-12-23,60205.55859375,60546.87890625,59765.55859375,59845.2890625,32.10915843495755,0.0067074521499611425,0.011004862419472664
2022-12-26,59755.078125,60833.78125,59754.1015625,60566.421875,40.79723574993149,0.00731830236831851,0.011370443311478616
2022-12-27,60861.41015625,60986.6796875,60405.66015625,60927.4296875,44.61813913226072,0.007448903712455707,0.011176869931001782
2022-12-28,60811.51953125,61075.328125,60713.76953125,60910.28125,44.47131525689621,0.007211558202740307,0.010805438335663069
2022-12-29,60628.2890625,61210.6484375,60479.05859375,61133.87890625,46.92383299349192,0.007238864205097883,0.010851709810184292
2022-12-30,61329.16015625,61392.6796875,60743.7109375,60840.73828125,44.16953429938274,0.007186610990083885,0.010887044117113833
2023-01-02,60871.23828125,61222.7890625,60764.62890625,61167.7890625,47.84757022971616,0.007353320929332198,0.010590361036261516
2023-01-03,61074.87890625,61343.9609375,61004.0390625,61294.19921875,49.2395148034563,0.007375718328463631,0.0102097502072814
2023-01-04,61294.6484375,61327.2109375,60593.55859375,60657.44921875,43.01207599601075,0.007654693691640169,0.010443932607624168
2023-01-05,60847.5,60877.05859375,60049.83984375,60353.26953125,40.3844939358005,0.007634794943158067,0.010725834826551147
2023-01-06,60388.73828125,60537.62890625,59669.91015625,59900.37109375,36.78159758365109,0.007679759280123953,0.011069724352935035
2023-01-09,60147.0703125,60889.41015625,60109.94140625,60747.30859375,46.410035162585494,0.008465255130024768,0.0112986626090283
2023-01-10,60805.140625,60809.6484375,59938.37890625,60115.48046875,41.35034716182772,0.008512293053883683,0.011637117819589421
2023-01-11,60134.55859375,60364.76953125,59805.78125,60105.5,41.273801078260675,0.008464620900749882,0.011471983617138573
2023-01-12,60083.03125,60290.3515625,59632.3203125,59958.03125,40.09281676897667,0.007980398995053496,0.011462675398944147
2023-01-13,60044.9609375,60418.26171875,59628.4296875,60261.1796875,43.66155377709131,0.007978314458612983,0.011526568808831385
2023-01-16,60550.5,60586.76953125,59963.828125,60092.96875,42.1607378567609,0.0077307675238063155,0.011473652350967995
2023-01-17,60142.078125,60704.48046875,60072.33984375,60655.71875,48.53442871078056,0.008093077480978582,0.011299672315700523
2023-01-18,60716.03125,61110.25,60569.19140625,61045.73828125,52.445663715895755,0.007924440592752836,0.011058599616305684
2023-01-19,60920.01953125,61032.46875,60716.55078125,60858.4296875,50.462221689615674,0.007903814474150613,0.010686666533059754
2023-01-20,60901.16015625,61001.1796875,60585.25,60621.76953125,47.99256809199516,0.006994327394850833,0.010452148537963836
2023-01-23,60876.01171875,61113.26953125,60761.87890625,60941.671875,51.45135455238061,0.006569961455270204,0.010230696651072917
2023-01-24,61122.19921875,61266.05859375,60849.12109375,60978.75,51.851050899700176,0.006436116048686448,0.009982543519212503
2023-01-25,60834.73046875,60899.2109375,60081.359375,60205.05859375,43.755909017523,0.007045985823973445,0.010453309980314272
2023-01-27,60166.8984375,60166.8984375,58974.69921875,59330.8984375,36.7707363361437,0.007628696702461813,0.01133089098728863
2023-01-30,59101.69140625,59644.23828125,58699.19921875,59500.41015625,38.81064041851965,0.007646036659784556,0.011626059489001446
2023-01-31,59770.828125,59787.62890625,59104.58984375,59549.8984375,39.425069655615225,0.00751002354446632,0.011605942869083776
2023-02-01,60001.171875,60773.44140625,58816.83984375,59708.078125,41.448854715257156,0.007525196643740677,0.013089072288658311
2023-02-02,59459.87109375,60007.671875,59215.62109375,59932.23828125,44.28939982183497,0.0072839733154257975,0.01305266301655775
2023-02-03,60350.01171875,60905.33984375,60013.05859375,60841.87890625,54.034649719935416,0.007992415700024876,0.01308154466989178
2023-02-06,60847.2109375,60847.2109375,60345.609375,60506.8984375,50.52928948322118,0.00789941699199316,0.012806540222097922
2023-02-07,60511.3203125,60655.140625,60063.48828125,60286.0390625,48.30430400608371,0.007269379360399762,0.012636359311621853
2023-02-08,60332.98828125,60792.1015625,60324.921875,60663.7890625,52.18261910886964,0.007005708513419643,0.012256559973249067
2023-02-09,60715.890625,60863.62890625,60472.80859375,60806.21875,53.59620731895096,0.007016505805528914,0.011813526306865267
2023-02-10,60706.80859375,60774.140625,60501.73828125,60682.69921875,52.15620590808947,0.007007502614049259,0.011350430583544773
2023-02-13,60652.8203125,60740.94921875,60245.05078125,60431.83984375,49.26142805564473,0.007002027289017841,0.01116957362719077
2023-02-14,60550.25,61102.73828125,60550.25,61032.26171875,55.6116525737487,0.007290371179887668,0.01105489208352321
2023-02-15,60990.05078125,61352.55078125,60750.3203125,61275.08984375,57.90619548512915,0.007054644863854533,0.010926598583693369
2023-02-16,61566.21875,61682.25,61196.71875,61319.51171875,58.33054877266439,0.006917543510296024,0.010704352405431992
2023-02-17,60993.5390625,61302.71875,60810.671875,61002.5703125,54.137101655233444,0.0069861800769975375,0.010587204315906809
2023-02-20,61112.83984375,61290.19140625,60607.01953125,60691.5390625,50.314344941169956,0.007028100277028966,0.010685389946872043
2023-02-21,60770.4296875,60976.58984375,60583.71875,60672.71875,50.08388937917579,0.006920500212722673,0.010387743539904041
2023-02-22,60391.859375,60462.8984375,59681.55078125,59744.98046875,40.28780879758986,0.007702110583048643,0.010980542687864612
2023-02-23,59777.640625,59960.0390625,59406.30859375,59605.80078125,39.05370522829581,0.007201625953585965,0.010883588940297822
2023-02-24,59859.48046875,59908.76953125,59325.33984375,59463.9296875,37.783191551800115,0.006415080169208097,0.01083112206361482
2023-02-27,59331.30859375,59441.12890625,58937.640625,59288.3515625,36.21303415988856,0.006415974694085464,0.010721309954688913
2023-02-28,59346.609375,59483.71875,58795.96875,58962.12109375,33.43294940770184,0.006519608620338226,0.010843746742350103
2023-03-01,59136.48046875,59475.44921875,59109.5390625,59411.078125,40.23310368579133,0.006734747420086192,0.01061026521176174
2023-03-02,59287.1796875,59423.7890625,58866.26171875,58909.3515625,35.828244945861925,0.0069057140277494185,0.01061231239438703
2023-03-03,59241.19921875,59967.0390625,59231.578125,59808.96875,47.027183183953824,0.00691690060734326,0.010969240226099368
2023-03-06,60007.0390625,60498.48046875,60005.6484375,60224.4609375,51.25801664791522,0.007033895418433674,0.010933239076274583
2023-03-08,59916.1015625,60402.8515625,59844.8203125,60348.08984375,52.474323134420096,0.007003429997006346,0.010791986551107424
2023-03-09,60467.08984375,60467.08984375,59750.53125,59806.28125,46.94536739258644,0.007123532088673465,0.010967724774458537
2023-03-10,59259.828125,59262.46875,58884.98046875,59135.12890625,41.15999303788819,0.007459782939724471,0.011412729961443041
2023-03-13,59033.76953125,59510.921875,58094.55078125,58237.8515625,34.957462652865814,0.008082565948155991,0.01249798782934925
2023-03-14,58168.75,58490.98046875,57721.16015625,57900.19140625,32.945466841321846,0.00811387508004294,0.012622642447847603
2023-03-15,58268.5390625,58473.62890625,57455.671875,57555.8984375,30.98706998746559,0.0076374999481413335,0.013054453764570735
2023-03-16,57510.80078125,57887.4609375,57158.69140625,57634.83984375,31.98538741796351,0.0075352544472018276,0.013008575263435655
2023-03-17,58038.171875,58178.94140625,57503.8984375,57989.8984375,36.43896480275724,0.0077721645184701624,0.012836910546125502
2023-03-20,57773.55078125,57829.23046875,57084.91015625,57628.94921875,34.00151435621275,0.007792950386228857,0.01311634074464329
2023-03-21,57963.26953125,58133.328125,57730.08984375,58074.6796875,39.3929429784803,0.008116927441327497,0.012706337909660378
2023-03-22,58245.26171875,58418.78125,58063.5,58214.58984375,41.02158117950787,0.008172814244958656,0.012206311449294693
2023-03-23,58061.41015625,58396.171875,57838.8515625,57925.28125,38.70541394313299,0.007588687192681625,0.012078282438002075
2023-03-24,57890.66015625,58066.3984375,57422.98046875,57527.1015625,35.71640187125598,0.007681663221603452,0.012092077967641675
2023-03-27,57566.8984375,58019.55078125,57415.01953125,57653.859375,37.37441537552861,0.007730792760249416,0.011952637838603975
2023-03-28,57751.5,57949.44921875,57494.91015625,57613.71875,37.04853887138341,0.00772559466634543,0.011670141096749645
2023-03-29,57572.078125,58124.19921875,57524.3203125,57960.08984375,41.76689565415739,0.007833302782202406,0.011511075837335207
2023-03-31,58273.859375,59068.46875,58273.859375,58991.51953125,53.051563201124985,0.008680366232121187,0.01184402418041077
2023-04-03,59131.16015625,59204.8203125,58793.078125,59106.44140625,54.11841717030067,0.008477346366813795,0.011474218316476678
2023-04-05,59094.7109375,59747.12109375,59094.3984375,59689.30859375,59.18437821001714,0.008053757998141866,0.011331684066821621
2023-04-06,59627.01171875,59950.05859375,59520.12109375,59832.96875,60.34651233787325,0.007908431472428557,0.011010273057584811
2023-04-10,59858.98046875,60109.109375,59766.23046875,59846.51171875,60.46080540356369,0.007890074051255793,0.010630747437584612
2023-04-11,60028.6015625,60267.6796875,59919.87890625,60157.71875,63.09327977196956,0.007712410832364593,0.010320417626116263
2023-04-12,60180.19921875,60437.640625,60094.69140625,60392.76953125,64.98926331578858,0.007245910949877969,0.009951564254421423
2023-04-13,60364.41015625,60486.91015625,60081.4296875,60431.0,65.30149180076013,0.0061473360294946305,0.009714164339914334
2023-04-17,60385.8984375,60407.859375,59442.46875,59910.75,57.75341836797426,0.0063619626817874595,0.010277201501435435
2023-04-18,59991.26171875,60113.46875,59579.30078125,59727.01171875,55.32133794000031,0.006209455406385973,0.010211293936861755
2023-04-19,59745.890625,59745.890625,59452.71875,59567.80078125,53.22958099735577,0.006291088042302965,0.009858805202242983
2023-04-20,59586.609375,59836.7890625,59489.98046875,59632.3515625,53.98919276409318,0.0062020349247442685,0.009560107965836059
2023-04-21,59538.7890625,59781.359375,59412.80859375,59655.05859375,54.27055119141608,0.005944052131073445,0.009315151992335555
2023-04-24,59873.7109375,60101.640625,59620.109375,60056.1015625,59.035153325455234,0.005894929894743737,0.009164738401003856
2023-04-25,60202.76953125,60268.671875,59967.01953125,60130.7109375,59.87279214209918,0.005893104141777174,0.008857884301605948
2023-04-26,60087.98046875,60362.7890625,59954.91015625,60300.578125,61.7885463917109,0.005687785942832618,0.008685157612775994
2023-04-27,60315.55859375,60698.30859375,60271.48828125,60649.37890625,65.4374262754703,0.005338215075125046,0.008521086718943171
2023-04-28,60721.609375,61209.4609375,60507.828125,61112.44140625,69.58925907931909,0.005450320883278445,0.008672555824023067
2023-05-02,61301.609375,61486.23828125,61255.0,61354.7109375,71.51706117603453,0.0053870839299277554,0.008456459332140126
2023-05-03,61274.9609375,61274.9609375,61024.44140625,61193.30078125,68.40574075553184,0.005491444258283364,0.008258649783715094
2023-05-04,61258.12890625,61797.91015625,61119.55859375,61749.25,72.7957095424435,0.00451072425508489,0.008384386491570436
2023-05-05,61163.1015625,61585.5,61002.171875,61054.2890625,61.32476675863036,0.00544208698794823,0.008748142429770577
2023-05-08,61166.08984375,61854.19140625,61166.08984375,61764.25,67.03893820549845,0.005592552986794219,0.008954964540193145
2023-05-09,61879.6796875,62027.51171875,61654.94140625,61761.328125,66.99506745987625,0.005603361858909005,0.008746604797532111
2023-05-10,61843.359375,61974.3515625,61572.9296875,61940.19921875,68.36010964148318,0.005601019800025782,0.008561307108746287
2023-05-11,62158.1015625,62168.21875,61823.0703125,61904.51953125,67.7581129730467,0.005561350358944862,0.008352616918148929
2023-05-12,61857.69140625,62110.9296875,61578.1484375,62027.8984375,68.78188342900873,0.0055330671578584945,0.00835410127153813
2023-05-15,62157.1015625,62562.671875,61950.30078125,62345.7109375,71.30909247973273,0.005593393160379861,0.00841942048497843
2023-05-16,62474.109375,62475.94921875,61847.41015625,61932.46875,64.04865417456617,0.005416730460623122,0.00859511178471021
2023-05-17,61932.3203125,61979.94140625,61340.1015625,61560.640625,58.29707668005562,0.0055897604259244225,0.008771785445001944
2023-05-18,61937.859375,61955.8984375,61349.33984375,61431.73828125,56.40601520190036,0.005568627527013552,0.008867584825017717
2023-05-19,61556.25,61784.609375,61251.69921875,61729.6796875,59.663010177905974,0.00561549944991688,0.008811083544117599
2023-05-22,61579.78125,62044.4609375,61579.78125,61963.6796875,62.06047418748648,0.005624063657401256,0.008686481994567187
2023-05-23,62098.16015625,62245.19140625,61914.3984375,61981.7890625,62.24748503016343,0.005517637237134277,0.008444872186979334
2023-05-24,61834.28125,62154.140625,61708.1015625,61773.78125,58.67020170541008,0.005627328595130095,0.008383823595630157
2023-05-25,61706.12890625,61934.01171875,61484.66015625,61872.62109375,59.850914509376175,0.005617116763196674,0.008291294665897156
2023-05-26,61985.359375,62529.828125,61911.609375,62501.69140625,66.42517069728625,0.005877773533539213,0.008372642859199376
2023-05-29,62801.5390625,63026.0,62801.5390625,62846.37890625,69.38344422135795,0.005780755574194124,0.008327863621461797
2023-05-30,62839.8515625,63036.12109375,62737.3984375,62969.12890625,70.38420117117342,0.005751376732970809,0.008056795589318592
2023-05-31,62839.96875,62876.76953125,62401.01953125,62622.23828125,64.01600284134766,0.005890015622218228,0.008170752768693626
2023-06-01,62736.46875,62762.41015625,62359.140625,62428.5390625,60.712753810426854,0.00565504126295201,0.008072075443417948
2023-06-02,62601.96875,62719.83984375,62379.859375,62547.109375,62.005192039329025,0.004919954694431744,0.007869545897212246
2023-06-05,62759.19140625,62943.19921875,62751.71875,62787.46875,64.5510346767784,0.004332494699082379,0.007730063137216054
2023-06-06,62738.3515625,62867.94921875,62554.2109375,62792.87890625,64.6085176839926,0.004331188536574288,0.007534182977253854
2023-06-07,62917.390625,63196.4296875,62841.94921875,63142.9609375,68.20173910631905,0.004437855757560564,0.007413743800543606
2023-06-08,63140.171875,63321.3984375,62789.73046875,62848.640625,62.46025605818008,0.004603953192843418,0.007520679229747973
2023-06-09,62810.6796875,62992.16015625,62594.73828125,62625.62890625,58.44539026033166,0.004691870066306181,0.007461641560011571
2023-06-12,62659.98046875,62804.890625,62615.19921875,62724.7109375,59.685279319352915,0.004573390878301038,0.007133735939624451
2023-06-13,62779.140625,63177.46875,62777.0390625,63143.16015625,64.50247449791928,0.004474969314680555,0.007092451975469533
2023-06-14,63115.48046875,63274.03125,63013.51171875,63228.51171875,65.41035785485604,0.004161554900007644,0.00687126420925895
2023-06-15,63153.78125,63310.9609375,62871.078125,62917.62890625,59.446488757631954,0.004329365582837702,0.006911372448209817
2023-06-16,62960.73046875,63520.359375,62957.171875,63384.578125,64.6586970036465,0.004477751657945393,0.0070496459006779396
2023-06-19,63474.2109375,63574.69140625,63047.828125,63168.30078125,60.76322430812357,0.004558285225616747,0.0071642716027514345
2023-06-20,63176.76953125,63440.19140625,62801.91015625,63327.69921875,62.55382361079066,0.004568250711570444,0.0073557233200236246
2023-06-21,63467.4609375,63588.30859375,63315.62109375,63523.1484375,64.68213007583223,0.004464998690343771,0.007115922189637292
2023-06-22,63601.7109375,63601.7109375,63200.62890625,63238.890625,59.394779421535986,0.004653718280187417,0.007090366984388964
2023-06-23,63124.28125,63240.62890625,62874.12109375,62979.37109375,54.97631136598642,0.004273662297662113,0.007026720420765047
2023-06-26,62946.5,63136.08984375,62853.671875,62970.0,54.81773099884095,0.004100708017144251,0.006846137159552293
2023-06-27,63151.8515625,63467.5390625,63054.83984375,63416.03125,60.63762184005274,0.004372186799853856,0.006872817580763091
2023-06-28,63701.78125,64050.44140625,63554.8203125,63915.421875,65.92923901103867,0.004447513036715103,0.007041022293465607
2023-06-30,64068.44140625,64768.578125,64068.44140625,64718.55859375,72.36380328344366,0.0050166122060051185,0.0073985678802352085
2023-07-03,64836.16015625,65300.3515625,64836.16015625,65205.05078125,75.39510954749755,0.0051755423824187356,0.007456163641211311
2023-07-04,65503.8515625,65672.96875,65171.05859375,65479.05078125,76.92993746171737,0.005182541196157692,0.007442122927662899
2023-07-05,65493.6796875,65584.328125,65256.48828125,65446.0390625,76.31229799116255,0.005196272769351613,0.00727183670864308
2023-07-06,65391.87890625,65832.9765625,65328.2890625,65785.640625,78.24712668719252,0.005183387436521723,0.007265540513961291
2023-07-07,65559.40625,65898.9765625,65175.73828125,65280.44921875,69.19288679542379,0.005429322257868757,0.007590136587423929
2023-07-10,65482.328125,65633.4921875,65246.3984375,65344.171875,69.66962934622995,0.005282365356103711,0.00746424814161106
2023-07-11,65598.6484375,65870.59375,65517.5703125,65617.84375,71.6954898380153,0.005300212891435747,0.007475218801375494
2023-07-12,65759.28125,65811.640625,65320.25,65393.8984375,67.71000505177146,0.0053388365574103,0.007501782494867743
2023-07-13,65667.0703125,66064.2109375,65452.1484375,65558.890625,69.07401924112929,0.0053406213681737695,0.0076787372459171605
2023-07-14,65775.4921875,66159.7890625,65610.8203125,66060.8984375,72.8341731229494,0.005243966815672716,0.007725795488560378
2023-07-17,66148.1796875,66656.2109375,66015.6328125,66589.9296875,76.12817134124873,0.005274454569894301,0.007804083294024595
2023-07-18,66828.9609375,67007.0234375,66574.46875,66795.140625,77.27905313145752,0.005089783925347774,0.007686945350426922
2023-07-19,66905.0078125,67171.3828125,66703.609375,67097.4375,78.89334575528912,0.005103724914333953,0.007603687421062552
2023-07-20,67074.34375,67619.171875,66831.3828125,67571.8984375,81.1562894545109,0.0051878172317764235,0.007843742817055953
2023-07-21,66907.0703125,67190.5234375,66533.7421875,66684.2578125,66.73976924246423,0.006139907431901412,0.008492443364695434
2023-07-24,66629.140625,66808.5625,66326.25,66384.78125,62.69335687353225,0.006163027246093099,0.00844037274438481
2023-07-25,66531.203125,66559.2890625,66177.6171875,66355.7109375,62.29850463419675,0.006170232573146784,0.008251773062670548
2023-07-26,66434.71875,66897.2734375,66431.34375,66707.203125,65.15603776760967,0.006115532196930174,0.008201879285312946
2023-07-27,66834.1171875,66984.171875,66060.7421875,66266.8203125,59.11098289903218,0.006306530291061959,0.00866200267235769
2023-07-28,66266.3515625,66351.21875,65878.6484375,66160.203125,57.71488786751664,0.005818885229165376,0.008566451267399371
2023-07-31,66156.390625,66598.421875,65998.8984375,66527.671875,61.123025565703124,0.005721750004442867,0.008554313071967445
2023-08-01,66532.9765625,66658.1171875,66388.2578125,66459.3125,60.15175483161889,0.005687590031584695,0.008241498248788745
2023-08-02,66064.40625,66261.96875,65431.6796875,65782.78125,51.43991016949026,0.006193306369579074,0.008847352991889393
2023-08-03,65550.8203125,65820.8203125,64963.078125,65240.6796875,45.72519174168908,0.006359114436447675,0.009222759647640183
2023-08-04,65453.55078125,65799.2734375,65387.1796875,65721.25,50.92964159516778,0.006341001721841718,0.009108471824001714
2023-08-07,65811.3984375,66067.8984375,65748.25,65953.4765625,53.261953992268076,0.006380087594092087,0.008803511268624734
2023-08-08,66048.8125,66057.53125,65752.6328125,65846.5,52.03501048894968,0.006334012686672305,0.008518715824030455
2023-08-09,65810.9609375,66066.0078125,65444.37890625,65995.8125,53.64025331059462,0.006291702826407116,0.008565140819504135
2023-08-10,65945.390625,65956.25,65509.140625,65688.1796875,49.932420253956636,0.006372675640729189,0.008519793787813973
2023-08-11,65727.796875,65727.796875,65274.609375,65322.6484375,45.87472553443805,0.006234189704335301,0.008451055068203367
2023-08-14,65153.01953125,65517.8203125,64821.87890625,65401.921875,46.88286190440648,0.005922295257704846,0.00859796740507877
2023-08-16,65238.671875,65605.7421875,65032.890625,65539.421875,48.668775670818405,0.005891719985726691,0.00859140307098006
2023-08-17,65503.8515625,65535.140625,65046.1015625,65151.01953125,44.15283489443396,0.0058451701654016015,0.008566144851375478
2023-08-18,65025.7109375,65175.3203125,64754.71875,64948.66015625,41.96788696730861,0.005496992865656335,0.008441625234440326
2023-08-21,64852.69921875,65335.8203125,64852.69921875,65216.08984375,45.786132551927025,0.004972335681289081,0.008335651461296256
2023-08-22,65272.421875,65362.91015625,65165.44921875,65220.03125,45.84268857171202,0.00491301737525504,0.007956038010483687
2023-08-23,65300.9296875,65504.7109375,65108.51171875,65433.30078125,48.946236840935256,0.004999746956954149,0.007796171011645797
2023-08-24,65722.5078125,65913.7734375,65181.94140625,65252.33984375,46.51069846976378,0.004813335736530579,0.008060479062178742
2023-08-25,65000.671875,65106.0,64732.5703125,64886.51171875,41.96462970132151,0.0047577645810775995,0.00809910354496386
2023-08-28,64908.078125,65213.44921875,64776.921875,64996.6015625,43.74654552434517,0.004794638550526741,0.007987583384672965
2023-08-29,65201.3515625,65229.03125,64956.671875,65075.8203125,45.05390985620932,0.00458250125963476,0.0077069600312735095
2023-08-30,65311.578125,65458.69921875,65052.73828125,65087.25,45.25161129567481,0.004591436216635609,0.007600719075943737
2023-08-31,65178.328125,65277.0390625,64723.62890625,64831.41015625,41.639990332377316,0.004120006749615691,0.007695386799833917
2023-09-01,64855.51171875,65473.26953125,64818.37109375,65387.16015625,50.821950253223186,0.004213125933273303,0.007800389615090847
2023-09-04,65525.91015625,65683.90625,65285.55859375,65628.140625,54.187753198358685,0.003954205642164095,0.007650177429193349
2023-09-05,65671.6015625,65831.703125,65601.46875,65780.2578125,56.22446675858689,0.003905139466426383,0.007337312528307041
2023-09-06,65744.1875,65971.1328125,65488.03125,65880.5234375,57.563664472511405,0.0039052547278184513,0.007326634897781295
2023-09-07,65854.25,66296.8984375,65672.34375,66265.5625,62.3296266166572,0.004089653496664816,0.007436989111389837
2023-09-08,66381.4296875,66766.921875,66299.296875,66598.90625,65.90019100498182,0.004055409439509508,0.007408927812367249
2023-09-11,66807.7265625,67172.1328125,66735.84375,67127.078125,70.64752050120487,0.00407880832654774,0.007435546250419271
2023-09-12,67506.8828125,67539.1015625,66948.1796875,67221.1328125,71.41080974241922,0.004078661787410951,0.007522683504741977
2023-09-13,67188.640625,67565.40625,67053.359375,67466.9921875,73.36090081533231,0.004107869435125384,0.007502006998399894
2023-09-14,67627.03125,67771.046875,67336.4609375,67519.0,73.76850864644904,0.0037287244468666484,0.007420533432569254
2023-09-15,67659.90625,67927.2265625,67614.421875,67838.6328125,76.18073870730328,0.0035964647486223596,0.007287859054408039
2023-09-18,67665.578125,67803.1484375,67532.828125,67596.84375,70.87144206540795,0.0037843513491053245,0.007114643060805552
2023-09-20,67080.1796875,67294.15625,66728.140625,66800.84375,56.82951116650761,0.004855927242700898,0.007614060717542349
2023-09-21,66608.671875,66608.671875,66128.7109375,66230.2421875,49.290364927529176,0.0052930134128210665,0.007855999676013642
2023-09-22,66215.0390625,66445.46875,65952.828125,66009.1484375,46.704898671247214,0.005313807215808689,0.007852377491763018
2023-09-25,66082.9921875,66225.6328125,65764.03125,66023.6875,46.90214025339332,0.005111857945515802,0.007789277285880917
2023-09-26,66071.6328125,66078.2578125,65865.6328125,65945.46875,45.91756440078522,0.005127901114618838,0.007471783291576527
2023-09-27,65925.640625,66172.2734375,65549.9609375,66118.6875,48.49605598787869,0.005144616516506465,0.007592197386705553
2023-09-28,66406.0078125,66406.0078125,65423.390625,65508.3203125,41.066278800623785,0.005616771490234283,0.00818700455097107
2023-09-29,65743.9296875,66151.6484375,65570.3828125,65828.40625,45.75932226231847,0.0056105884955297974,0.008263310708257183
2023-10-03,65813.421875,65813.5,65344.58984375,65512.1015625,42.18440225471343,0.005428480328328376,0.008237631664992843
2023-10-04,65330.6484375,65332.51953125,64878.76953125,65226.0390625,39.201561319640795,0.005447409256670038,0.008376334108628336
2023-10-05,65598.2578125,65753.203125,65443.33984375,65631.5703125,45.12533129400395,0.00561248438780969,0.008303691426006253
2023-10-06,65867.5390625,66095.8125,65762.328125,65995.6328125,49.849419798505366,0.005744029372810441,0.008170495385849
2023-10-09,65560.0703125,65789.9765625,65434.609375,65512.390625,44.387107382816126,0.005806324662204753,0.008254539483972955
2023-10-10,65662.2734375,66180.171875,65662.2734375,66079.359375,51.15037573497346,0.006039771829218714,0.008321002545980383
2023-10-11,66376.421875,66592.15625,66299.7890625,66473.046875,55.2224754339808,0.005912773340604173,0.008231909627710247
2023-10-12,66564.5703125,66577.6015625,66339.421875,66408.390625,54.420131940193706,0.005896645389935913,0.007907543338494588
2023-10-13,66034.2109375,66478.8984375,65895.40625,66282.7421875,52.81420251988428,0.00581565323448996,0.007985429316823521
2023-10-16,66238.1484375,66342.75,66039.3828125,66166.9296875,51.31119208342982,0.005805171207549495,0.00775551127823445
2023-10-17,66558.1484375,66559.8203125,66309.1796875,66428.09375,54.45864932519866,0.005766955408942231,0.0075956991655122
2023-10-18,66473.7421875,66475.2734375,65842.1015625,65877.0234375,47.48352528987387,0.005971024650119024,0.0077986799289182715
2023-10-19,65484.609375,65869.6484375,65343.5,65629.2421875,44.71057892114476,0.0054716808233022185,0.007849640172440773
2023-10-20,65437.0703125,65555.140625,65308.609375,65397.62109375,42.22805227916394,0.005208327434894726,0.0076649686100788966
2023-10-23,65419.01953125,65453.921875,64502.6796875,64571.87890625,34.80790453595992,0.005846553170287776,0.008260740457145414
2023-10-25,64619.26953125,64787.078125,63912.16015625,64049.05859375,31.083674358383234,0.006042118753156555,0.008709024950539844
2023-10-26,63774.16015625,63774.16015625,63092.98046875,63148.1484375,25.934375046737102,0.0066691079454519655,0.00928377086225321
2023-10-27,63559.3203125,63913.12890625,63393.37109375,63782.80078125,34.203468074641265,0.007135663053000499,0.00939154733176039
2023-10-30,63885.55859375,64184.578125,63431.44921875,64112.6484375,38.073209579298336,0.007069301763780868,0.009514924808966905
2023-10-31,64449.6484375,64452.3203125,63812.53125,63874.9296875,36.411144585519416,0.006948610486864717,0.009583617417722607
2023-11-01,63829.87109375,63896.05078125,63550.4609375,63591.328125,34.47742624712899,0.006939893509637848,0.009326942661835863
2023-11-02,64033.3984375,64202.640625,63815.3515625,64080.8984375,40.36518367597031,0.00719406343728862,0.009275972613932601
2023-11-03,64444.8984375,64535.19140625,64275.390625,64363.78125,43.52313693266566,0.007111831892692168,0.009079704428958309
2023-11-06,64835.23046875,64992.5390625,64617.48046875,64958.69140625,49.57117064678556,0.007332396765438306,0.009045321243241458
2023-11-07,65021.2890625,65021.2890625,64638.1015625,64942.3984375,49.41509440782103,0.0071682424020317525,0.008822792747364416
2023-11-08,65101.94921875,65124.0,64851.05859375,64975.609375,49.76231290003249,0.006851538073951656,0.008488453992445012
2023-11-09,65025.3203125,65046.55859375,64768.76171875,64832.19921875,48.22302515632843,0.0066667931374922405,0.008205632700691797
2023-11-10,64756.109375,65014.05859375,64580.94921875,64904.6796875,49.080320923207495,0.006687712356745704,0.008087650549298154
2023-11-13,65158.30859375,65176.9609375,64853.359375,64933.87109375,49.44339116051502,0.006694431519291179,0.007862553340092494
2023-11-15,65461.5390625,65747.6484375,65373.5,65675.9296875,57.700183148818255,0.007239936858629065,0.008103507746179654
2023-11-16,65665.8671875,66358.3671875,65507.01953125,65982.4765625,60.5653798828424,0.00726416102802275,0.008411343571298446
2023-11-17,65788.7890625,66037.6875,65639.7421875,65794.7265625,57.975222688712165,0.007046853934038472,0.008264841653216492
2023-11-20,65787.5078125,65844.0078125,65547.796875,65655.1484375,56.05591236448003,0.007010836101301478,0.008013069662700285
2023-11-21,65860.4609375,66082.359375,65849.171875,65930.7734375,58.946206225991666,0.007017446918609922,0.007872436469040603
2023-11-22,65839.6171875,66063.4296875,65664.8515625,66023.2421875,59.89912623775414,0.006302625304662938,0.007731091156445068
2023-11-23,66084.3671875,66235.2421875,65980.5,66017.8125,59.811334998697454,0.005927314240731151,0.007455081413328474
2023-11-24,66000.2890625,66101.640625,65894.046875,65970.0390625,58.99207694731437,0.004688464042826896,0.0071523593066968845
2023-11-28,66063.71875,66256.203125,65906.6484375,66174.203125,61.42390558533727,0.004322650056467541,0.006998295924564395
2023-11-29,66381.2578125,66946.28125,66374.5234375,66901.90625,68.57671164559139,0.004730017220626051,0.007252051157823529
2023-11-30,66963.203125,67069.890625,66610.3515625,66988.4375,69.30553401990278,0.004532817165640241,0.007215347178759531
2023-12-01,67181.1484375,67564.328125,67149.0703125,67481.1875,73.12772851998483,0.004360695880010127,0.007260619816477153
2023-12-04,68435.34375,68918.21875,68274.46875,68865.1171875,80.47979163397072,0.00576574886935562,0.008097038905747663
2023-12-05,69168.53125,69381.3125,68954.8828125,69296.140625,82.12050127705679,0.005793750971552509,0.008003992690928526
2023-12-06,69534.9296875,69744.6171875,69395.0078125,69653.7265625,83.3693791537329,0.005660271591384784,0.007854027528555279
2023-12-07,69694.1484375,69695.328125,69320.53125,69521.6875,81.11628485011158,0.00572909175360282,0.007691953876724113
2023-12-08,69666.3828125,69893.796875,69506.1171875,69825.6015625,82.30187122646485,0.005691236875593812,0.007508020493843036
2023-12-11,69925.6328125,70057.828125,69782.4765625,69928.53125,82.69807153840169,0.005551255516873326,0.007242729575460239
2023-12-12,70020.6796875,70033.640625,69443.8515625,69551.03125,75.97995576385196,0.005897582184462047,0.007367605455051412
2023-12-13,69648.5625,69657.9296875,69100.5625,69584.6015625,76.16538717977278,0.0058967037589085355,0.007410184631931672
2023-12-14,70146.09375,70602.890625,70110.75,70514.203125,80.62566959215714,0.00604486686508858,0.007821667132121618
2023-12-15,70804.1328125,71605.7578125,70655.96875,71483.75,83.99066322165065,0.006452463630589062,0.008255179685290394
2023-12-18,71437.3515625,71552.2421875,71142.2890625,71315.09375,81.34398407107956,0.006426085202569765,0.008094257982247074
2023-12-19,71479.28125,71623.7109375,71071.9765625,71437.1875,81.7913105949637,0.006288611347511469,0.008054918719357743
2023-12-20,71647.65625,71913.0703125,70302.6015625,70506.3125,68.33744458189369,0.007387626050313853,0.009209852517082118
2023-12-21,69920.890625,70958.7109375,69920.390625,70865.1015625,70.36109110278232,0.007382178819368289,0.009555283528549433
2023-12-22,71045.6484375,71259.546875,70713.5625,71106.9609375,71.67529427913655,0.007333172529587052,0.00939103775290616
2023-12-26,71097.78125,71471.2890625,71012.078125,71336.796875,72.90480487908002,0.00726020960164534,0.009151955781246132
2023-12-27,71492.0234375,72119.8515625,71473.6484375,72038.4296875,76.288577128421,0.007373935802933636,0.009191899840522766
2023-12-28,72262.671875,72484.34375,72137.453125,72410.3828125,77.8666226737812,0.007209255503476384,0.008931359708231505
2023-12-29,72351.59375,72417.0078125,72082.640625,72240.2578125,75.39507217271327,0.007325263790024737,0.008643546582145247
2024-01-02,72332.8515625,72332.8515625,71613.7421875,71892.4765625,70.47071508459103,0.00751651209986374,0.008779446188373135
2024-01-03,71832.6171875,71862.0,71303.96875,71356.6015625,63.579930958047875,0.006706809183407426,0.008802666868359713
2024-01-04,71678.9296875,71954.7890625,71546.6015625,71847.5703125,66.78454148701721,0.0067298147365030285,0.008712747759150038
2024-01-05,72016.7109375,72156.4765625,71779.828125,72026.1484375,67.89120992244688,0.006686467444402713,0.008443873178935354
2024-01-08,72113.25,72181.7734375,71301.0390625,71355.21875,59.82624553549138,0.007092102372108311,0.008796103041721903
2024-01-09,71770.90625,72035.46875,71307.2734375,71386.2109375,60.06225658332701,0.007057192572446388,0.008892891350890247
2024-01-10,71383.203125,71733.84375,71110.9765625,71657.7109375,62.15950102985417,0.007082635891135366,0.00884727318149566
2024-01-11,71907.75,71999.46875,71543.1875,71721.1796875,62.65323534246548,0.006910045466279542,0.00866247476170875
2024-01-12,72148.0703125,72720.9609375,71982.2890625,72568.453125,68.55219153363782,0.007269171339804593,0.008933888994401314
2024-01-15,73049.8671875,73402.15625,72909.0,73327.9375,72.71283530492775,0.0070630794089096335,0.009021940148064445
2024-01-16,73331.953125,73427.59375,72960.2890625,73128.7734375,70.09388594066024,0.006567189557622166,0.008856771891404698
2024-01-17,71998.9296875,72484.796875,71429.296875,71500.7578125,53.219762255098594,0.008417618599901618,0.010109163392645969
2024-01-18,71018.859375,71451.2890625,70665.5,71186.859375,50.68611937138824,0.008467970303914933,0.010266566517283696
2024-01-19,71786.7421875,71895.640625,71542.7421875,71683.2265625,54.384278649869,0.008031456807464216,0.010173491155551122
2024-01-23,71868.203125,72039.203125,70234.546875,70370.546875,44.81316571048096,0.009039827473016715,0.011454821735800137
2024-01-24,70165.4921875,71149.609375,70001.6015625,71060.3125,49.811452393143824,0.009286711835680576,0.011687330213080415
2024-01-25,71022.1015625,71049.4609375,70319.0390625,70700.671875,47.400860004097005,0.009318792694535748,0.011656630810603006
2024-01-29,70968.1015625,72010.21875,70880.5390625,71941.5703125,55.417793994259576,0.00989634937858528,0.011937522963013392
2024-01-30,72000.203125,72142.2265625,71075.71875,71139.8984375,50.10463668088217,0.010115883940983748,0.012280592787639178
2024-01-31,71073.0390625,71851.390625,70846.0390625,71752.109375,53.75127215289831,0.010325116887394329,0.012306928552673449
2024-02-01,71998.78125,72151.0234375,71574.890625,71645.296875,53.023151451703775,0.010275644825145603,0.012019289496715544
2024-02-02,71977.5625,73089.3984375,71948.7734375,72085.6328125,55.68805895887249,0.010216554984228209,0.012523531690445051
2024-02-05,72269.1171875,72385.9296875,71602.140625,71731.421875,53.07957472764033,0.010170814560551598,0.012466897775095942
2024-02-06,71970.8203125,72261.3984375,71625.1796875,72186.09375,55.93296250559718,0.010257500720721993,0.0121330321020975
2024-02-07,72548.5,72559.2109375,71938.21875,72152.0,55.65962420386288,0.010015324393161473,0.011886476460229799
2024-02-08,72473.421875,72473.421875,71230.6171875,71428.4296875,50.067471993267674,0.010294030591239055,0.01239205892225243
2024-02-09,71410.2890625,71676.4921875,71200.3125,71595.4921875,51.28446780891514,0.010271067338009367,0.011955130876582907
2024-02-12,71722.3125,71756.578125,70922.5703125,71072.4921875,47.39040172768889,0.010395551896995717,0.012021069388781652
2024-02-13,71292.078125,71662.7421875,70924.296875,71555.1875,51.082219718907226,0.010144773476757699,0.011824261014673397
2024-02-14,71035.25,71938.59375,70809.84375,71822.828125,53.04955615759624,0.00986576587527498,0.01206131024873491
2024-02-15,72061.46875,72164.96875,71644.4375,72050.3828125,54.71705296562526,0.009900592834465028,0.011680455059487078
2024-02-16,72406.0234375,72545.328125,72218.1015625,72426.640625,57.41052236549032,0.008539157075049542,0.011277915708720125
2024-02-19,72627.6015625,72881.9296875,72308.6796875,72708.15625,59.35834928470056,0.008482299678864122,0.010994964272908015
2024-02-20,72727.8671875,73130.6875,72510.2421875,73057.3984375,61.698646674027735,0.008416919532854308,0.01076741623921558
2024-02-21,73267.4765625,73267.796875,72450.5625,72623.09375,57.28126608909841,0.007285182343251951,0.010861899867472692
2024-02-22,72677.5078125,73256.390625,72081.359375,73158.2421875,60.9876914487169,0.007161564331884449,0.01115952112762811
2024-02-23,73394.4375,73413.9296875,73022.0,73142.796875,60.82366397900346,0.007009171151909712,0.010747344821427947
2024-02-26,73044.8125,73092.2578125,72666.8203125,72790.1328125,57.05068452258693,0.006090776822615912,0.010495101581870777
2024-02-27,72723.53125,73161.296875,72660.1328125,73095.21875,59.397149383151024,0.005462260928537704,0.010194512753589144
2024-02-28,73162.8203125,73223.109375,72222.2890625,72304.8828125,51.54139022061014,0.005828530843395336,0.010558496697606437
2024-02-29,72220.5703125,72730.0,72099.3203125,72500.296875,53.18989767403901,0.005832923898702812,0.010399248993869153
2024-03-01,72606.3125,73819.2109375,72591.140625,73745.3515625,62.04851656562758,0.006805383326681719,0.01077089329139297
2024-03-04,73903.09375,73990.1328125,73747.0078125,73872.2890625,62.82103686118964,0.0066542794936487884,0.010221041558496704
2024-03-05,73767.421875,73915.5390625,73412.25,73677.1328125,60.77285740710661,0.006612298027407719,0.010004035991193027
2024-03-06,73587.703125,74151.2734375,73321.4765625,74085.9921875,63.46067391934014,0.006676924838395251,0.010038228662756145
2024-03-07,74242.7421875,74245.171875,73921.4765625,74119.390625,63.67960147142496,0.006122713415367827,0.009628956087850204
2024-03-11,74175.9296875,74187.3515625,73433.90625,73502.640625,56.89978126548498,0.006531106659392192,0.009748382483583569
2024-03-12,73516.421875,74004.15625,73342.1171875,73667.9609375,58.1849271812543,0.006206857931697864,0.009673669571149901
2024-03-13,73993.3984375,74052.75,72515.7109375,72761.890625,49.477308550635655,0.006842820238425615,0.010603424232586228
2024-03-14,72570.1015625,73364.296875,72497.1875,73097.28125,52.32166293802952,0.0068648075934956065,0.010648174903812932
2024-03-15,72886.7734375,72998.0703125,72484.8203125,72643.4296875,48.354485769226585,0.00701981824813922,0.010551583701694752
2024-03-18,72587.296875,72985.890625,72314.15625,72748.421875,49.31197361880765,0.006934327767796707,0.0104433059206932
2024-03-19,72462.9375,72490.09375,71933.3515625,72012.046875,43.25490170715575,0.007249046529423215,0.010604984165859963
2024-03-20,72036.859375,72402.671875,71674.421875,72101.6875,44.15417476365608,0.0071560363629559216,0.010556693696550866
2024-03-21,72507.359375,72882.4609375,72416.03125,72641.1875,49.35607308224899,0.0072607659844180624,0.010497580538535087
2024-03-22,72231.65625,73115.6171875,72172.09375,72831.9375,51.09075513191292,0.007084581562825489,0.010647566674646405
2024-03-26,72396.96875,72705.2890625,72363.03125,72470.296875,47.75130398390718,0.007163876878901498,0.010398530296854405
2024-03-27,72692.15625,73138.7265625,72600.7265625,72996.3125,52.60397459788737,0.007283402778975776,0.010240271870188519
2024-03-28,73149.34375,74190.3125,73120.328125,73651.3515625,57.85350074063247,0.007496503151657637,0.010582219839331882
2024-04-01,73968.6171875,74254.6171875,73909.390625,74014.546875,60.46797832572867,0.007068578888083062,0.010360316602171642
2024-04-02,74022.296875,74099.78125,73743.7734375,73903.90625,59.26194751236509,0.007082998289352855,0.009978780110428444
2024-04-03,73757.2265625,74151.2109375,73540.2734375,73876.8203125,58.951959332520076,0.005989636155659566,0.009860098630471407
2024-04-04,74413.8203125,74501.7265625,73485.1171875,74227.6328125,61.7431786876306,0.006070338947498067,0.010090807858690575
2024-04-05,74287.0234375,74361.109375,73946.921875,74248.21875,61.90687106510046,0.006032285971001791,0.009765896280665083
2024-04-08,74555.4375,74869.296875,74410.0703125,74742.5,65.70160665464832,0.006086522758128613,0.009601903075202214
2024-04-09,75124.28125,75124.28125,74603.3671875,74683.703125,64.87372454516068,0.006092708949437856,0.009421281999090673
2024-04-10,74953.9609375,75105.140625,74807.546875,75038.1484375,67.52989463483124,0.005801095148831179,0.009108175224052469
2024-04-12,74889.640625,74951.8828125,74189.3125,74244.8984375,57.11977350591717,0.006347936245860273,0.009364591276682354
2024-04-15,73315.15625,73905.796875,73315.15625,73399.78125,48.53537891752741,0.006252434067510873,0.009700586378691634
2024-04-16,72892.140625,73135.4296875,72685.03125,72943.6796875,44.636476137010796,0.006341421560496438,0.0097639145112877
2024-04-18,73183.1015625,73473.046875,72365.671875,72488.9921875,41.09256088879587,0.006342678461800499,0.010214537182106983
2024-04-19,71999.6484375,73210.171875,71816.4609375,73088.328125,47.05915237733292,0.006606273418259379,0.010769210740421547
2024-04-22,73666.5078125,73767.796875,73227.3203125,73648.6171875,51.95810049324922,0.006323989774374997,0.010582892576226964
2024-04-23,74048.9375,74059.890625,73688.3125,73738.453125,52.71366277196739,0.006323967205621186,0.010213389587253409
2024-04-24,73957.5703125,74121.609375,73788.609375,73852.9375,53.71272492826933,0.006148181025286808,0.00983973859367634
2024-04-25,73572.34375,74571.25,73556.1484375,74339.4375,57.79362702826519,0.0062707917294766895,0.010052459277348595
2024-04-26,74509.3125,74515.90625,73616.6484375,73730.15625,51.65177354368721,0.006473496582578141,0.010282749322036603
2024-04-29,73982.75,74721.1484375,73922.34375,74671.28125,58.91482075717162,0.006859134840211956,0.010375881836875564
2024-04-30,74800.890625,75111.390625,74346.3984375,74482.78125,57.06571269143823,0.006648785266404426,0.010392754143769037
2024-05-02,74391.7265625,74812.4296875,74360.6875,74611.109375,58.03144535961405,0.006576529707857142,0.010066289352847601
2024-05-03,75017.8203125,75095.1796875,73467.7265625,73878.1484375,50.978316502402656,0.006959299391164649,0.011013496618316273
2024-05-06,74196.6796875,74359.6875,73786.2890625,73895.5390625,51.1300841023495,0.006959011590942457,0.010778667304027482
2024-05-07,73973.296875,74026.796875,73259.2578125,73511.8515625,47.62669455821331,0.006958884593564363,0.010806789679472845
2024-05-08,73225.0,73684.9296875,73073.921875,73466.390625,47.213906355469184,0.006956605919765287,0.010635145310900302
2024-05-09,73499.4921875,73499.4921875,72334.1796875,72404.171875,38.760584381077706,0.007407928448517009,0.011169982951971502
2024-05-10,72475.453125,72946.5390625,72366.2890625,72664.46875,41.52356621835457,0.007496946451955035,0.010905353196178288
2024-05-13,72476.6484375,72863.5625,71866.0078125,72776.1328125,42.71754812174272,0.007393238688755531,0.011089945392163346
2024-05-14,72696.71875,73286.2578125,72683.9921875,73104.609375,46.197663542571746,0.0071845637200658825,0.010839993658710268
2024-05-15,73200.2265625,73301.46875,72822.65625,72987.03125,45.140492714373586,0.006738189356888382,0.010550512332693532
2024-05-16,73338.2421875,73749.46875,72529.96875,73663.71875,51.95479667461903,0.0069043829989735754,0.010889405495921357
2024-05-17,73711.3125,74070.84375,73459.796875,73917.03125,54.245940648023,0.006744277946691584,0.010667414182207855
2024-05-21,73842.9609375,74189.1875,73762.3671875,73953.3125,54.580027600379175,0.006524331329520383,0.010312845253858515
2024-05-22,74165.5234375,74307.7890625,73860.328125,74221.0625,57.07123670462847,0.006355423665274288,0.009972293260705024
2024-05-23,74253.53125,75499.90625,74158.3515625,75418.0390625,66.03900817273228,0.007253088488022402,0.010383608334111888
2024-05-24,75335.453125,75636.5,75244.21875,75410.390625,65.94421335286629,0.007257402520410488,0.01001446796536181
2024-05-27,75655.4609375,76009.6796875,75175.2734375,75390.5,65.68016789037753,0.007143669831267731,0.010092158717613417
2024-05-28,75585.3984375,75585.3984375,75083.21875,75170.453125,62.68963083433411,0.006888456905042054,0.009875904740333672
2024-05-29,74826.9375,74986.21875,74454.546875,74502.8984375,54.57180742436023,0.006644031090534274,0.00993901628946065
2024-05-30,74365.8828125,74493.546875,73668.7265625,73885.6015625,48.33836749741843,0.006876998968088958,0.0101126252990693
2024-05-31,74208.53125,74478.890625,73765.1484375,73961.3125,49.10621229011795,0.006867425643254758,0.010069983193938233
2024-06-03,76583.2890625,76738.890625,75678.4296875,76468.78125,66.73850194704357,0.009879862816131665,0.011638584663216944
2024-06-04,76285.78125,76300.4609375,70234.4296875,72079.046875,40.369830112449705,0.016824268515597682,0.01764352702754738
2024-06-05,73027.8828125,74534.8203125,71879.4375,74382.2421875,51.25262093233497,0.01830207611398289,0.018425917453809445
2024-06-06,75078.703125,75297.7265625,74474.9375,75074.5078125,53.97172373978849,0.018400907089430436,0.0178230349615528
2024-06-07,75031.7890625,76795.3125,74941.8828125,76693.359375,59.641069586914575,0.018544596291003322,0.017926819546033625
2024-06-10,76935.40625,77079.0390625,76379.7265625,76490.078125,58.66393495127588,0.018584492675306853,0.017343609539116758
2024-06-11,76680.8984375,76860.53125,76296.4375,76456.59375,58.49393477230919,0.018595483741346713,0.016638830617549838
2024-06-12,76679.109375,77050.53125,76533.78125,76606.5703125,59.066107449134954,0.018589519029831244,0.015973886815571478
2024-06-13,77102.046875,77145.4609375,76719.703125,76810.8984375,59.87761346947579,0.018566282080353793,0.015294566493893772
2024-06-14,76912.3828125,77081.296875,76549.046875,76992.7734375,60.62586779479264,0.01849971405093509,0.014662333518254881
2024-06-18,77235.3125,77366.7734375,77071.4375,77301.140625,61.92248249694311,0.01850210723535209,0.013906298584423644
2024-06-19,77543.21875,77851.6328125,76954.8671875,77337.59375,62.08144803307552,0.018502203456890562,0.01373515273909169
2024-06-20,77554.828125,77643.09375,77100.359375,77478.9296875,62.731103958186225,0.01849952104898156,0.013231156657758677
2024-06-21,77729.4765625,77808.453125,76802.0,77209.8984375,60.60267924339205,0.01824289488408094,0.013259975680285759
2024-06-24,76885.6484375,77423.0234375,76745.9375,77341.078125,61.29231708410741,0.01824070989814977,0.01291727515759695
2024-06-25,77529.1875,78164.7109375,77459.6015625,78053.5234375,64.88723553558157,0.01832091219310814,0.012638855307130329
2024-06-26,78094.0234375,78759.3984375,77945.9375,78674.25,67.70175510031649,0.018336241169813087,0.012382027695300096
2024-06-27,78758.671875,79396.03125,78467.34375,79243.1796875,70.06980952138096,0.018171722771248934,0.012252154160047681
2024-06-28,79457.578125,79671.578125,78905.890625,79032.7265625,68.08132497254766,0.018028264060280103,0.0120993123264124
2024-07-01,79043.3515625,79561.0,78971.7890625,79476.1875,70.01247737064654,0.01802597276402614,0.011701934793307278
2024-07-02,79840.3671875,79855.8671875,79231.109375,79441.453125,69.65698916799175,0.016619981632982585,0.01143257477318963
2024-07-03,80013.7734375,80074.296875,79754.953125,79986.796875,72.05600837327559,0.00836936869929755,0.011108715816911162
2024-07-04,80321.7890625,80392.640625,79986.40625,80049.671875,72.32766060011338,0.005686438792670456,0.010669618212920952
2024-07-05,79778.9765625,80149.8671875,79478.9609375,79996.6015625,71.69413121510146,0.005605281252604314,0.010513124219128785
2024-07-08,79915.0,80067.4609375,79731.828125,79960.3828125,71.23554017714886,0.0036752889564946748,0.010066429271851914
2024-07-09,80107.2109375,80397.171875,79998.5625,80351.640625,73.22777561637596,0.003547837229288725,0.009690166670106986
2024-07-10,80481.359375,80481.359375,79435.7578125,79924.7734375,67.71718945767427,0.003908292994417266,0.009980520566432756
2024-07-11,80170.09375,80170.09375,79464.3828125,79897.34375,67.36637466181026,0.003950010356477544,0.009901716559422822
2024-07-12,80093.6171875,80893.5078125,79843.390625,80519.34375,71.03127797485689,0.004147174952097189,0.010054982470436794
2024-07-15,80686.5390625,80862.5390625,80556.96875,80664.859375,71.8283782780865,0.004149008126370151,0.009623825104347693
2024-07-16,80731.4921875,80898.296875,80598.0625,80716.546875,72.12181115716731,0.004145890335114454,0.009196373217082977
2024-07-18,80514.25,81522.546875,80390.3671875,81343.4609375,75.46045844169258,0.004305230656464533,0.00946785477930876
2024-07-19,81585.0625,81587.7578125,80499.1015625,80604.6484375,65.50440146547697,0.005033486700100574,0.009836885026764212
2024-07-22,80408.8984375,80800.921875,80100.6484375,80502.078125,64.23725437296693,0.0049307950871050115,0.009767233223593687
2024-07-23,80724.296875,80766.40625,79224.3203125,80429.0390625,63.298252488372945,0.004975853735241414,0.010447327687879569
2024-07-24,80343.3828125,80519.578125,79750.5078125,80148.8828125,59.69380607735497,0.004812622212351253,0.010420394030094487
2024-07-25,79542.109375,80143.1015625,79477.828125,80039.796875,58.30167220602773,0.004585212541100304,0.010288125726487709
2024-07-26,80158.5,81427.1796875,80013.6015625,81332.71875,67.86685309894028,0.005550050630453079,0.010642836456307087
2024-07-29,81679.6484375,81908.4296875,81135.90625,81355.84375,68.00820682907263,0.005478053967381787,0.01055808268416922
2024-07-30,81349.28125,81815.2734375,81230.4375,81455.3984375,68.6476309743471,0.005390394472521796,0.010304796586233953
2024-07-31,81655.8984375,81828.0390625,81434.3203125,81741.34375,70.47309914740758,0.005398283322856516,0.009879312408834025
2024-08-01,81949.6796875,82129.4921875,81700.2109375,81867.546875,71.26822909119748,0.005246467171852453,0.009534048941795529
2024-08-02,81158.9921875,81345.6015625,80868.90625,80981.953125,59.21735922268612,0.005898098795057748,0.009830691351917765
2024-08-05,78588.1875,79780.609375,78295.859375,78759.3984375,40.64308974762011,0.008673971698034345,0.011822176717795528
2024-08-06,78981.96875,79852.078125,78496.5703125,78593.0703125,39.64100313328225,0.008678633549611925,0.012232908433712638
2024-08-07,79565.3984375,79639.203125,79106.203125,79468.0078125,47.03835135334116,0.00899870123615013,0.01217436605702177
2024-08-08,79420.4921875,79626.921875,78798.9375,78886.21875,43.24323230974341,0.009066235689702745,0.012137851024573043
2024-08-09,79984.2421875,79984.2421875,79549.09375,79705.90625,49.43342659288829,0.009394120122368933,0.012138948666619537
2024-08-12,79330.1171875,80106.1796875,79226.1328125,79648.921875,49.03305090079165,0.009209535405294674,0.01206916491892638
2024-08-13,79552.5078125,79692.546875,78889.3828125,78956.03125,44.331384013789055,0.009368367912219672,0.012032023674037617
2024-08-14,79065.21875,79228.9375,78895.71875,79105.8828125,45.547464501810545,0.009384630497132913,0.011452308496238617
2024-08-16,79754.8515625,80518.2109375,79306.6875,80436.84375,54.95878763810592,0.010015567975615945,0.011712483421742782
2024-08-19,80680.25,80724.3984375,80332.6484375,80424.6796875,54.8654558498753,0.009810641071518016,0.011225452218203966
2024-08-20,80722.5390625,80942.9609375,80517.953125,80802.859375,57.29368030689567,0.00986398524837266,0.010833001925693721
2024-08-21,80667.25,80952.828125,80626.3828125,80905.296875,57.95354457854568,0.00986327491981465,0.010334687300535945
2024-08-22,81207.2421875,81236.453125,80954.0234375,81053.1875,58.939934135745425,0.00982748083585449,0.009870818752793819
2024-08-23,81165.6484375,81231.4921875,80883.2578125,81086.2109375,59.17027017738222,0.009817217837201044,0.00946878588643535
2024-08-26,81388.2578125,81824.2734375,81278.4375,81698.109375,63.28062477670519,0.009285943857218816,0.009371878097676303
2024-08-27,81815.2265625,81919.109375,81600.5078125,81711.7578125,63.36920512857154,0.009285940885255492,0.00897951113405757
2024-08-28,81779.84375,82039.2578125,81578.3203125,81785.5625,63.87668106919177,0.009284393741553577,0.008733159271400283
2024-08-29,81822.5625,82285.828125,81682.78125,82134.609375,66.25752302136434,0.009300035425494603,0.008599341125692972
2024-08-30,82637.03125,82637.03125,82256.0234375,82365.7734375,67.772449198781,0.009313692668167594,0.008398398029009798
2024-09-02,82725.28125,82725.28125,82440.9296875,82559.84375,69.02959281821606,0.008940205970102321,0.008091217342259928
2024-09-03,82652.6875,82675.0625,82400.7578125,82555.4375,68.96381588969072,0.0058580227062777395,0.0077510080088525
2024-09-04,81845.5,82408.5390625,81833.6875,82352.640625,65.85357215636843,0.005872380025722497,0.00784109833331137
2024-09-05,82469.7890625,82617.4921875,82130.4375,82201.15625,63.54806366410336,0.0055631942822771206,0.0077176631462965144
2024-09-06,82171.078125,82254.7890625,80981.9296875,81183.9296875,50.70962233397023,0.006091629462154766,0.00837610372248202
2024-09-09,80973.75,81653.359375,80895.046875,81559.5390625,54.37498079459034,0.005777866414418156,0.008406109392971093
2024-09-10,81768.71875,82196.546875,81445.296875,81921.2890625,57.641964145596056,0.005804833135428299,0.008426232237928854
2024-09-11,81928.1171875,82134.953125,81423.140625,81523.15625,53.13265993940023,0.005505964382485545,0.00848624264289031
2024-09-12,81930.1796875,83116.1875,81534.2890625,82962.7109375,64.07581527751836,0.006556141498079127,0.009114903925544865
2024-09-13,83091.546875,83092.9296875,82653.21875,82890.9375,63.282445280918935,0.005653041053848997,0.008850074621310006
2024-09-16,82985.328125,83184.34375,82832.8203125,82988.78125,63.937965189371596,0.005640366382708916,0.008510794263419509
2024-09-17,83084.6328125,83152.40625,82866.6796875,83079.65625,64.57062699974867,0.0055927223374796975,0.008139892272345378
2024-09-18,83037.1328125,83326.3828125,82700.6328125,82948.2265625,62.853183703358965,0.005632179666647225,0.008109294939523577
2024-09-19,83359.171875,83773.609375,83071.65625,83184.796875,64.6745071759149,0.005642335794416252,0.008217379010163348
2024-09-20,83603.0390625,84694.4609375,83187.640625,84544.3125,72.89827824310079,0.006545415999329033,0.008783185328293497
2024-09-23,84651.1484375,84980.53125,84607.3828125,84928.609375,74.69181821785011,0.006448449659255473,0.008485788888774801
2024-09-24,84860.7265625,85163.2265625,84716.0703125,84914.0390625,74.49053758742564,0.006453789298678443,0.008257155122849847
2024-09-25,84836.453125,85247.421875,84743.0390625,85169.8671875,75.72736738509528,0.006453460134472196,0.008067333330906451
2024-09-26,85167.5625,85930.4296875,85106.7421875,85836.1171875,78.63291224206903,0.006565161284430181,0.008118382221692609
2024-09-27,85893.84375,85978.25,85474.578125,85571.8515625,74.80778711432845,0.006667984424214392,0.007982203594483884
2024-09-30,85208.7578125,85359.6484375,84257.140625,84299.78125,59.74243376187462,0.007659585061450723,0.00863786868805934
2024-10-01,84257.171875,84648.3984375,84098.9375,84266.2890625,59.40323078108221,0.00766256182253425,0.008489818221526418
2024-10-03,83002.09375,83752.8125,82434.0234375,82497.1015625,44.90067231535424,0.009120973029807317,0.009638898654455745
2024-10-04,82244.25,83368.3203125,81532.6796875,81688.453125,40.083712031874306,0.009382204932719181,0.010644095930973495
2024-10-07,81926.9921875,82137.7734375,80726.0625,81050.0,36.73304621201027,0.009121470425551495,0.011205787826913996
2024-10-08,80826.5625,81763.28125,80813.0703125,81634.8125,41.55253705528751,0.00920897537216113,0.011162245344890551
2024-10-09,81954.578125,82319.2109375,81342.890625,81467.1015625,40.597429684492326,0.00916067025083703,0.011242296006690843
2024-10-10,81832.65625,82002.84375,81538.9375,81611.40625,41.83625689001774,0.009105592102288817,0.010889712669777722
2024-10-11,81478.4921875,81671.3828125,81304.1484375,81381.359375,40.39014630095735,0.008138400718533117,0.01046278235744153
2024-10-14,81576.9296875,82072.171875,81541.203125,81973.046875,45.59871703981355,0.00834293471499219,0.010247264900329615
2024-10-15,82101.859375,82300.4375,81635.5703125,81820.1171875,44.516034650635085,0.008337375486769284,0.01011352833152127
2024-10-16,81646.6015625,81932.1484375,81358.2578125,81501.359375,42.26351896563956,0.008355353832175328,0.009930826101139347
2024-10-17,81758.0703125,81781.3984375,80905.640625,81006.609375,38.96768303190664,0.008433449705933797,0.010050012013051642
2024-10-18,80749.2578125,81391.1484375,80409.25,81224.75,41.14692049272378,0.00842952961126126,0.010170566943766095
2024-10-21,81770.0234375,81770.0234375,80811.2265625,81151.2734375,40.6207941242606,0.007372199381714802,0.01029657261875709
2024-10-22,81155.078125,81504.2421875,80149.53125,80220.71875,34.58874003153889,0.007491595088057895,0.010878246621650448
2024-10-23,79921.1328125,80646.3125,79891.6796875,80081.9765625,33.78323298117175,0.007470320181449914,0.010791818982896871
2024-10-24,80098.296875,80259.8203125,79813.0234375,80065.15625,33.680826474955296,0.007369670802061191,0.010421681143614265
2024-10-25,80187.34375,80253.1875,79137.9765625,79402.2890625,29.841742085436536,0.006988005039370322,0.010761282791454262
2024-10-28,79653.671875,80539.8125,79418.8203125,80005.0390625,36.886448795321655,0.007443728490676769,0.010932918289156006
2024-10-29,80037.203125,80450.4765625,79421.3515625,80369.03125,40.75522578137093,0.007112997522102678,0.011020659521124056
2024-10-30,80237.8515625,80435.609375,79821.9921875,79942.1796875,37.82688788871771,0.007125770959468234,0.010836379955884493
2024-10-31,80044.953125,80044.953125,79287.9296875,79389.0625,34.3797001944275,0.00574794545017941,0.010813574219855935
2024-11-01,80023.75,80023.75,79655.546875,79724.1171875,38.06188458905121,0.005584556060058484,0.010567622509394223
2024-11-04,79713.140625,79713.140625,78232.6015625,78782.2421875,32.53500007740243,0.005900889540594936,0.011282403386124932
2024-11-05,78542.15625,79523.1328125,78296.703125,79476.6328125,39.50891634713976,0.0060318578435432065,0.011487221107357155
2024-11-06,79771.8203125,80569.7265625,79459.1171875,80378.1328125,47.14746106014646,0.0066534902985314745,0.011534020885903776
2024-11-07,80563.421875,80563.421875,79419.34375,79541.7890625,41.865671541092325,0.006971545048474975,0.011850157270172525
2024-11-08,79611.8984375,79807.2578125,79117.3671875,79486.3203125,41.53334279178129,0.006963052591495918,0.011631350799332982
2024-11-11,79298.4609375,80102.140625,79001.34375,79496.1484375,41.6217663073592,0.006686285260303038,0.011788288500050143
2024-11-12,79644.953125,79820.9765625,78547.84375,78675.1796875,36.63725001476519,0.00697345247878083,0.012216358438636424
2024-11-13,78495.53125,78690.0234375,77533.296875,77690.953125,31.731100423955496,0.007360565648599334,0.012550956755233213
2024-11-14,77636.9375,78055.5234375,77424.8125,77580.3125,31.224899206880593,0.007311056901856728,0.012251779402134708
2024-11-18,77863.5390625,77886.96875,76965.0625,77339.0078125,30.097183250563916,0.007223070481906551,0.01226360040097259
2024-11-19,77548.0,78451.6484375,77411.3125,77578.3828125,32.694051090344374,0.007322644267432292,0.012376930523611756
2024-11-21,77711.109375,77711.109375,76802.7265625,77155.7890625,30.537231613306787,0.007037925084141153,0.012396766408647876
2024-11-22,77349.7421875,79218.1875,77226.6875,79117.109375,47.76165251621232,0.009281518677316962,0.013087893535377444
2024-11-25,80193.46875,80473.078125,79765.9921875,80109.8515625,53.98172583777184,0.009732109856599285,0.01321146652043389
2024-11-26,80415.46875,80482.359375,79798.671875,80004.0625,53.25403390814681,0.009540389106350702,0.012894416262900638
2024-11-27,80121.03125,80511.1484375,79844.4921875,80234.078125,54.68440822247149,0.009411233747387225,0.012532553390524927
2024-11-28,80281.640625,80447.3984375,78918.921875,79043.7421875,46.717621716770324,0.009926693966903787,0.013193841825852218
2024-11-29,79032.9921875,79923.8984375,79026.1796875,79802.7890625,51.563537012364385,0.010127855734605609,0.012938410095065736
2024-12-02,79743.8671875,80337.8203125,79308.953125,80248.078125,54.19537793646902,0.010068223757262336,0.012863363634576113
2024-12-03,80529.203125,80949.1015625,80244.78125,80845.75,57.530913735004056,0.010155029553588771,0.01247852770878116
2024-12-04,81036.21875,81245.390625,80630.53125,80956.328125,58.13829900971474,0.009713531107780579,0.01211387388259441
2024-12-05,81182.7421875,82317.7421875,80467.3671875,81765.859375,62.38016819536743,0.009764133796884136,0.012753669744446397
2024-12-06,81887.5390625,81925.90625,81506.1875,81709.1171875,61.906651978975965,0.009491058936331334,0.012217827616507816
2024-12-09,81602.578125,81783.28125,81411.546875,81508.4609375,60.16732855819983,0.009153154842818917,0.011698818075250677
2024-12-10,81575.9609375,81726.34375,81182.6875,81510.046875,60.17685206014705,0.009146645352538356,0.011339391606501931
2024-12-11,81568.390625,81742.3671875,81383.421875,81526.140625,60.28063248182849,0.009146178980864212,0.010841843974016245
2024-12-12,81476.7578125,81680.96875,81211.640625,81289.9609375,57.8961216886164,0.008791134233009267,0.010509069755660481
2024-12-13,81212.453125,82213.921875,80082.8203125,82133.1171875,63.45402789975488,0.008320105865417897,0.011511596161400142
2024-12-16,82000.3125,82116.4375,81551.28125,81748.5703125,59.59043320669714,0.008438285023435164,0.011248006700215814
2024-12-17,81511.8125,81613.640625,80612.203125,80684.453125,50.43838332649386,0.009067400772167094,0.011588333799507326
2024-12-18,80666.2578125,80868.0234375,80050.0703125,80182.203125,46.786026744407785,0.009253027391391343,0.011556654271288214
2024-12-19,79029.03125,79516.171875,79020.078125,79218.046875,40.694088434304206,0.009632641315943146,0.011909641015239933
2024-12-20,79335.4765625,79587.1484375,77874.59375,78041.59375,34.74858836308108,0.008528958180018234,0.012793100373594136
2024-12-23,78488.640625,78918.1171875,78189.1875,78540.171875,38.82760805835073,0.008133650606781404,0.012601053479830253
2024-12-24,78707.3671875,78877.359375,78397.7890625,78472.8671875,38.47792522490305,0.008133315623027413,0.012147534528506773
2024-12-26,78557.28125,78898.3671875,78173.3828125,78472.4765625,38.475759415265586,0.008087197098023548,0.011939817425573712
2024-12-27,78607.6171875,79043.1484375,78598.546875,78699.0703125,40.56562758922257,0.0074383193780487465,0.011573002418782733
2024-12-30,78637.578125,79092.703125,78077.1328125,78248.1328125,37.81288528595283,0.007161774865893322,0.011735350055643764
2024-12-31,77982.5703125,78305.34375,77560.7890625,78139.0078125,37.15579283503346,0.006993983345906822,0.011592942801874484
2025-01-01,78265.0703125,78756.4921875,77898.296875,78507.40625,40.890221748975705,0.0068397449926673294,0.011495174734050711
2025-01-02,78657.5234375,80032.8671875,78542.3671875,79943.7109375,52.69329552771307,0.008113767746512445,0.011845293008508864
2025-01-03,80072.9921875,80072.9921875,79109.7265625,79223.109375,47.56197677732129,0.007920120953716182,0.011967740377114906
2025-01-06,79281.6484375,79532.671875,77781.6171875,77964.9921875,40.20120600236886,0.008545578130602778,0.012896480070117197
2025-01-07,78019.796875,78452.7421875,77925.09375,78199.109375,42.00002750603658,0.008628483304442417,0.012421414778848833
2025-01-08,78319.453125,78319.453125,77486.7890625,78148.4921875,41.70790606960069,0.008621258808665596,0.012302705614122165
2025-01-09,78206.2109375,78206.2109375,77542.921875,77620.2109375,38.68381400191258,0.008664296474447204,0.012112071548618828
2025-01-10,77682.59375,77919.703125,77099.546875,77378.90625,37.35160863856055,0.008665002737998313,0.012039084230788501
2025-01-13,76629.8984375,77128.3515625,76249.71875,76330.0078125,32.16608662903859,0.008458750036101631,0.012389447469909474
2025-01-14,76335.75,76835.609375,76335.75,76499.6328125,33.7674711069438,0.008555165002731659,0.011951063572974705
2025-01-15,76900.140625,76991.046875,76479.703125,76724.078125,35.92301165110452,0.00833848678170086,0.011541003003992313
2025-01-16,77319.5,77319.5,76895.5078125,77042.8203125,38.961132321168655,0.008417303406722903,0.011224341064435395
2025-01-17,77069.1875,77069.1875,76263.2890625,76619.328125,36.48588632774245,0.008125129664139292,0.011231511426240817
2025-01-20,76978.53125,77318.9375,76584.84375,77073.4375,40.82708357515905,0.007654462561304085,0.011048141049139766
2025-01-21,77261.71875,77337.359375,75641.8671875,75838.359375,34.01698052560181,0.00820833182499358,0.012022966633101276
2025-01-22,76114.421875,76463.1328125,75816.5,76404.9921875,39.0408270720432,0.008461822495311258,0.011685903994893509
2025-01-23,76414.5234375,76743.5390625,76202.1171875,76520.3828125,40.04199027059382,0.008481101224072163,0.011340227898499351
2025-01-24,76455.3515625,76985.953125,76091.75,76190.4609375,38.114545992502116,0.008448809539951653,0.011414125408177012
2025-01-27,75700.4296875,75925.71875,75267.59375,75366.171875,33.74417683237739,0.008656090402766919,0.01158940227794785
2025-01-28,75659.0,76512.9609375,75622.8828125,75901.40625,38.66234824825754,0.00888513366109956,0.011764909592462585
2025-01-29,76138.2421875,76599.7265625,75975.796875,76532.9609375,43.94937730770386,0.00905036500659344,0.011486154400367914
2025-01-30,76598.84375,76962.8828125,76401.1328125,76759.8125,45.75795069714735,0.007901352594819527,0.011156928427685541
2025-01-31,76888.890625,77605.9609375,76833.8671875,77500.5703125,51.285505351498,0.008126858349442954,0.011040837629233052
2025-02-03,77063.9375,77260.3671875,76756.09375,77186.7421875,49.00697329893237,0.007377790928299666,0.010982828319127112
2025-02-04,77687.6015625,78658.59375,77402.3671875,78583.8125,57.96109484357793,0.008431815605785932,0.011354869550405633
2025-02-05,78704.6015625,78735.40625,78216.25,78271.28125,55.608676163333634,0.008483285280064201,0.011059678113551352
2025-02-06,78513.359375,78551.65625,77843.9921875,78058.15625,53.99917680091111,0.008358177128258346,0.01094530203707043
2025-02-07,78119.6015625,78356.9765625,77475.7421875,77860.1875,52.47972566963941,0.00834687973633869,0.01099777692727395
2025-02-10,77789.296875,77849.578125,77106.890625,77311.796875,48.415635815073315,0.00788463757287732,0.010980632057213276
2025-02-11,77384.9765625,77387.28125,76030.59375,76293.6015625,41.92392149976541,0.008459872021488764,0.01160255380282521
2025-02-12,76188.2421875,76459.71875,75388.390625,76171.078125,41.2078984724257,0.008434162843312209,0.01179575583097323
2025-02-13,76201.1015625,76764.53125,76013.4296875,76138.96875,41.01022218527236,0.00836726116205289,0.01166245510663995
2025-02-14,76388.9921875,76483.0625,75439.640625,75939.2109375,39.73324041291067,0.008302560557615047,0.011839354026420853
2025-02-17,75641.40625,76041.9609375,75294.7578125,75996.859375,40.31087901697566,0.008173946877479188,0.011687634071193647
2025-02-18,76073.7109375,76091.6875,75531.0078125,75967.390625,40.0992993107689,0.0073211559123344035,0.01138419380252013
2025-02-19,75787.2734375,76338.578125,75581.3828125,75939.1796875,39.88348248464082,0.007113328605191427,0.011287183873415155
2025-02-20,75672.84375,75794.1484375,75463.0078125,75735.9609375,38.284999196777775,0.007118743798903122,0.010958169698527677
2025-02-21,75612.609375,75748.71875,75112.40625,75311.0625,35.11597335751857,0.007161322462721969,0.010836361105689817
2025-02-24,74893.453125,74907.0390625,74387.4375,74454.40625,29.76629097790071,0.0072048522820030506,0.011064199143966785
2025-02-25,74440.296875,74785.078125,74400.3671875,74602.1171875,31.69845748275732,0.007006154156938613,0.010621902537644164
2025-02-27,74706.6015625,74834.09375,74520.78125,74612.4296875,31.839440915095636,0.0066751929215365415,0.01016177482255944
2025-02-28,74201.7734375,74282.4296875,73141.2734375,73198.1015625,24.400551408598076,0.007689777501087995,0.01105384588537001
2025-03-03,73427.6484375,73649.71875,72784.5390625,73085.9375,23.923187096411738,0.007161724232744961,0.0111255979857919
2025-03-04,72817.34375,73033.1796875,72633.5390625,72989.9296875,23.499402991367248,0.007165308602255534,0.01078722224540364
2025-03-05,73005.3671875,73933.796875,72894.046875,73730.2265625,33.309506362868134,0.006106976501962293,0.010923424332084502
2025-03-06,74308.296875,74390.796875,73415.6796875,74340.09375,40.12177424569434,0.006613537066532138,0.010996894495401319
2025-03-07,74347.140625,74586.4296875,74038.03125,74332.578125,40.06745745671241,0.006636418878274489,0.010739408230377173
2025-03-10,74474.9765625,74741.25,74022.2421875,74115.171875,38.446031641801085,0.006637281792587445,0.010694504482183786
2025-03-11,73743.8828125,74195.171875,73663.6015625,74102.3203125,38.34724276842894,0.006564249039619487,0.010444723842075442
2025-03-12,74270.8125,74392.1484375,73598.15625,74029.7578125,37.75731531398118,0.006019342613026956,0.010474272239249871
2025-03-13,74392.5390625,74401.109375,73770.59375,73828.90625,36.101771644384655,0.0060254340581885136,0.010362586042103434
2025-03-17,73830.03125,74376.3515625,73796.0625,74169.953125,40.84480286534873,0.0061785702493397055,0.010136996888648065
2025-03-18,74608.65625,75385.7578125,74480.1484375,75301.2578125,53.24312326590982,0.007175745678536946,0.010424785340842829
2025-03-19,75473.171875,75568.3828125,75201.4765625,75449.046875,54.582313724341425,0.0071911694582035375,0.010008551200686529
2025-03-20,75917.109375,76456.25,75684.578125,76348.0625,61.75777234755214,0.007691653394448465,0.010126523753340323
2025-03-21,76155.0,77041.9375,76095.2578125,76905.5078125,65.40724049368639,0.007847591787405779,0.010214302580877604
2025-03-24,77456.2734375,78107.2265625,77179.3515625,77984.3828125,71.14630798172841,0.008342043791041002,0.010454188745869272
2025-03-25,78296.28125,78741.6875,77745.6328125,78017.1875,71.30221082073635,0.008179598423651081,0.010615316227114317
2025-03-26,78021.453125,78167.8671875,77194.21875,77288.5,63.14100683874303,0.008016181713711603,0.010849840857412175
2025-03-27,77087.390625,77747.4609375,77082.5078125,77606.4296875,65.02213744950664,0.00803181458507883,0.010645598197008568
2025-03-28,77690.6875,77766.703125,77185.6171875,77414.921875,62.9384544313993,0.008084216078057024,0.010445803827281282
2025-04-01,76882.578125,77487.046875,75912.1796875,76024.5078125,50.32819306679105,0.00794775675224237,0.011356733758848866
2025-04-02,76146.28125,76680.3515625,76064.9375,76617.4375,54.513561332013936,0.00800856228865345,0.011075355469702633
2025-04-03,75811.859375,76493.7421875,75807.546875,76295.359375,51.952764649204106,0.0081041834874579,0.011085901969262766
2025-04-04,76160.09375,76258.1171875,75240.546875,75364.6875,45.32684615747003,0.008493717571345635,0.011420894350394539
2025-04-07,71449.9375,73403.9921875,71425.0078125,73137.8984375,34.11552763344456,0.010792638157906731,0.014775608570210166
2025-04-08,74013.7265625,74859.390625,73424.921875,74227.078125,41.710042948070594,0.01134352771586084,0.015175471435896285
2025-04-09,74103.828125,74103.828125,73673.0625,73847.1484375,39.97888746854826,0.01138335707079894,0.014699878345907316
2025-04-11,74835.4921875,75467.328125,74762.84375,75157.2578125,47.994452115850784,0.012056693242331344,0.014951747672909535
2025-04-15,76852.0625,76907.6328125,76435.0703125,76734.890625,55.671529015961035,0.012851568590392862,0.0152276563378164
2025-04-16,76996.78125,77110.2265625,76543.7734375,77044.2890625,57.011799189402836,0.012815370180700105,0.014608347245999805
2025-04-17,76968.0234375,78616.7734375,76665.7734375,78553.203125,62.90271482473469,0.013379921148636106,0.015078376186567505
2025-04-21,78903.09375,79635.046875,78776.0625,79408.5,65.76638720646952,0.013205572808732061,0.01482366988953306
2025-04-22,79728.390625,79824.296875,79253.4375,79595.59375,66.37779984199301,0.013204777533013455,0.014244766847230533
2025-04-23,80142.09375,80254.546875,79506.8984375,80116.4921875,68.08675661666858,0.013063121040450114,0.013807855456203852
2025-04-24,80058.4296875,80173.921875,79724.546875,79801.4296875,65.90477944183438,0.01308394911350916,0.01327442675727895
2025-04-25,79830.1484375,80130.65625,78605.8125,79212.53125,61.91100285923548,0.012915718602218193,0.01379289411508471
2025-04-28,79343.6328125,80321.8828125,79341.3515625,80218.3671875,65.73081544579327,0.013183000314622117,0.01363489152789354
2025-04-29,80396.921875,80661.3125,80122.0234375,80288.3828125,65.98652445715925,0.01293901484368467,0.013129708275539817
2025-04-30,80370.796875,80525.609375,79879.1484375,80242.2421875,65.63892673608346,0.012939431002384021,0.012774337272315136
2025-05-02,80300.1875,81177.9296875,80168.59375,80501.9921875,66.7023164479061,0.012906172494649098,0.012719183885519871
2025-05-05,80661.6171875,81049.03125,80657.7109375,80796.84375,67.91611131157137,0.012010584856541167,0.012251180829860656
2025-05-06,80907.2421875,80981.578125,80481.03125,80641.0703125,66.53616032211679,0.012005572241715104,0.011841435569826293
2025-05-07,79948.796875,80844.6328125,79937.4765625,80746.78125,67.02579968783567,0.011904710191263004,0.011783693721126242
2025-05-08,80912.34375,80927.9921875,79987.609375,80334.8125,63.14796788606729,0.01152821925916729,0.011834241690779297
2025-05-09,78968.34375,80032.9296875,78968.34375,79454.46875,55.72813433938668,0.009199010768155455,0.01233913280411187
2025-05-12,80803.796875,82495.96875,80651.0703125,82429.8984375,68.99029977286754,0.011549990050599234,0.013679753898652848
2025-05-13,82249.6015625,82572.8125,81043.6875,81148.21875,60.572874087854174,0.012266350238098037,0.014249229609075533
2025-05-14,81278.4921875,81691.8671875,80910.03125,81330.5625,61.296374808452185,0.011893086619942029,0.013888409990727744
2025-05-15,81354.4296875,82718.140625,80762.15625,82530.7421875,65.75118742194843,0.011509674219931614,0.01440170093162733
2025-05-16,82392.6328125,82514.8125,82146.953125,82330.59375,64.41954968160613,0.011588518532936175,0.013738486862776051
2025-05-19,82354.921875,82424.1015625,81964.5703125,82059.421875,62.57057996282427,0.011028975930700733,0.013199322125204123
2025-05-20,82116.171875,82250.421875,81153.703125,81186.4375,56.90779129754738,0.011189925952283434,0.013353208872365015
2025-05-21,81327.609375,82021.640625,81237.0625,81596.6328125,58.79482992670739,0.011221751253848146,0.01306820038179519
2025-05-22,81323.046875,81323.2421875,80489.921875,80951.9921875,54.738036340211984,0.011328659294874298,0.013207903896374374
2025-05-23,80897.0,81905.171875,80897.0,81721.078125,58.42382311026452,0.01144654687919801,0.013030255689288622
2025-05-26,81928.953125,82492.2421875,81867.2265625,82176.453125,60.47609842545273,0.011300309570428374,0.012702777784010182
2025-05-27,82038.203125,82410.5234375,81121.703125,81551.6328125,56.36488225505962,0.011190145956947698,0.01301464719840961
2025-05-28,81457.609375,81613.359375,81244.0234375,81312.3203125,54.827506698832856,0.011221688367670618,0.012445039401048305
2025-05-29,81591.03125,81816.890625,81106.9765625,81633.0234375,56.53831147510609,0.011241439740588877,0.012131880728174562
2025-05-30,81465.6875,81698.2109375,81286.453125,81451.0078125,55.25916328854998,0.01124713676579011,0.011651583588222556
2025-06-02,81214.421875,81474.2578125,80654.2578125,81373.75,54.6935333020655,0.011228100691921485,0.011549382532836851
2025-06-03,81492.5,81774.2265625,80575.09375,80737.5078125,50.14164653182039,0.011368665545762751,0.011869813446307727
2025-06-04,80777.6484375,81087.2890625,80705.1796875,80998.25,51.9080950131011,0.011387787814823573,0.011323453109087842
2025-06-05,81196.078125,81911.1328125,80983.7265625,81442.0390625,54.84074216271001,0.01137578042659842,0.011270719040751867
2025-06-06,81434.2421875,82299.890625,81140.109375,82188.9921875,59.33548516323716,0.011175199302410043,0.011378492533285227
2025-06-09,82574.546875,82669.0,82369.2421875,82445.2109375,60.7775828046405,0.007567775953265017,0.010948774785274725
2025-06-10,82643.7265625,82680.7890625,82240.3984375,82391.71875,60.296812583229844,0.006615120669556509,0.010555111793604889
2025-06-11,82473.0234375,82783.5078125,82308.90625,82515.140625,61.06214934808617,0.006608401296766915,0.010197350192625009
2025-06-12,82571.671875,82661.0390625,81523.15625,81691.9765625,53.63601726088334,0.006159773911044991,0.010559305933244873
2025-06-13,80427.8125,81238.6796875,80354.59375,81118.6015625,49.15198547130575,0.006319763812541005,0.01105200112404313
2025-06-16,81034.453125,81865.8203125,81012.3125,81796.1484375,54.041474993204396,0.006599968798591645,0.010922890480858705
2025-06-17,81869.46875,81890.1484375,81427.0078125,81583.296875,52.338785939586955,0.006153118411717657,0.010574639586117894
2025-06-18,81314.6171875,81858.96875,81237.0078125,81444.65625,51.20707256897519,0.006060506022835607,0.010381495301431396
2025-06-19,81403.9375,81583.9375,81191.0390625,81361.8671875,50.50478900562665,0.005780574283834288,0.009994699290835057
2025-06-20,81354.8515625,82494.4921875,81323.203125,82408.171875,58.29033609014295,0.006097976802588599,0.010178190677454749
2025-06-23,81704.0703125,82169.671875,81476.7578125,81896.7890625,53.83326732341336,0.006144381304928297,0.01032255121302091
2025-06-24,82534.609375,83018.15625,81900.1171875,82055.109375,54.98095636417198,0.005900390952683037,0.010542876671879703
2025-06-25,82448.796875,82815.90625,82339.5703125,82755.5078125,59.748261507813865,0.006119428217609074,0.010363623152518688
2025-06-26,82882.921875,83812.09375,82816.2578125,83755.8671875,65.38621332823121,0.006581089674110665,0.0104095015372884
2025-06-27,83774.453125,84089.3515625,83645.40625,84058.8984375,66.89872086846842,0.0065464129849136365,0.010008360038208354
2025-06-30,84027.328125,84099.53125,83482.1328125,83606.4609375,62.507016798152954,0.0067102049147800425,0.009871238818191422
2025-07-01,83685.65625,83874.2890625,83572.5078125,83697.2890625,63.03169286719532,0.0063531862833802015,0.009413748067681553
2025-07-02,83790.71875,83935.0078125,83150.7734375,83409.6875,60.16084132091368,0.006448696247418199,0.009443063695491707
2025-07-03,83540.7421875,83850.09375,83186.7421875,83239.46875,58.46362065595812,0.006422209185734811,0.009355718439059304
2025-07-04,83306.8125,83477.859375,83015.828125,83432.890625,59.84972464508335,0.006148299861933695,0.009062866998378062
2025-07-07,83398.078125,83516.8203125,83262.2265625,83442.5,59.921282157080725,0.006124190919961165,0.008632487926518934
2025-07-08,83387.03125,83812.3125,83320.953125,83712.5078125,61.972135091144956,0.0061439181983415974,0.00840928459629747
2025-07-09,83625.890625,83781.359375,83382.28125,83536.078125,59.818193080246175,0.006175089722598114,0.008166350115177634
2025-07-10,83658.203125,83742.28125,83134.96875,83190.28125,55.729743249379744,0.0057684860833275365,0.008136008500588232
2025-07-11,82820.7578125,83040.7421875,82442.25,82500.46875,48.59452297381075,0.005867858787164396,0.008265676075249343
2025-07-14,82537.8671875,82537.8671875,82010.3828125,82253.4609375,46.30817503737298,0.005650897026012824,0.00815638483051217
2025-07-15,82233.15625,82743.6171875,82221.7421875,82570.90625,49.59070383450848,0.005661889996379923,0.007996120177551516
2025-07-16,82534.65625,82784.75,82342.9375,82634.4765625,50.24668670353377,0.00563590319680526,0.0078011558851073855
2025-07-17,82753.53125,82757.09375,82219.2734375,82259.2421875,46.407795885010465,0.005747701228799272,0.007743982583310165
2025-07-18,82193.6171875,82334.75,81608.1328125,81757.7265625,41.810044388370216,0.005153870615519006,0.007869768199676568
2025-07-21,81918.53125,82274.03125,81518.65625,82200.34375,46.8178654875162,0.005117272968102346,0.00792468152415933
2025-07-22,82527.4296875,82538.171875,82110.6328125,82186.8125,46.68559042893361,0.00510106349645305,0.007731418635560315
2025-07-23,82451.8671875,82786.4296875,82279.7265625,82726.640625,52.45668375252654,0.004947824456987739,0.007650053943099698
2025-07-24,82779.953125,82784.2421875,82047.21875,82184.171875,46.956092844381494,0.004268048018491782,0.007791077784765046
2025-07-25,82065.7578125,82069.5078125,81397.6875,81463.09375,40.82758819336287,0.0044690432271624675,0.007988215925614538
2025-07-28,81299.96875,81557.40625,80776.4375,80891.0234375,36.731638260903885,0.004557806313450042,0.008159700134011849
2025-07-29,80620.25,81429.8828125,80575.453125,81337.953125,41.656226303194586,0.004798612626568212,0.008285566364242106
2025-07-30,81594.5234375,81618.9609375,81187.0625,81481.859375,43.1895597454043,0.00482495236249776,0.008058762684066464
2025-07-31,80695.5,81803.2734375,80695.1484375,81185.578125,40.811442653758746,0.004853379377999678,0.008485394823296407
2025-08-01,81074.40625,81317.5078125,80495.5703125,80599.90625,36.52956863788619,0.00495306860477545,0.0086649599160639
2025-08-04,80765.828125,81093.1875,80500.5078125,81018.71875,41.27448661944614,0.005176842918239777,0.008526966075030704
2025-08-05,80946.4296875,81010.4921875,80554.3984375,80710.25,38.96403235081181,0.005078641249373677,0.008359082178363921
2025-08-06,80694.9765625,80834.4296875,80448.8203125,80543.9921875,37.737868152493654,0.005078512152937337,0.008119995835591552
2025-08-07,80262.9765625,80737.546875,79811.2890625,80623.2578125,38.727868247212726,0.005084531150677125,0.008353205765038141
2025-08-08,80478.0078125,80550.3984375,79775.84375,79857.7890625,33.232448714167305,0.005175833827092987,0.008588864906560561
2025-08-11,79885.359375,80636.046875,79772.4609375,80604.078125,41.889954162582576,0.005707841270696688,0.008666813206806949
2025-08-12,80508.5078125,80997.671875,80164.359375,80235.59375,39.188005059142206,0.0056406726437669506,0.008826559022015122
2025-08-13,80492.171875,80683.7421875,80319.0,80539.90625,42.48726617811919,0.005742101443016583,0.008562572569607766
2025-08-14,80625.28125,80751.1796875,80489.859375,80597.65625,43.117961299825765,0.00570503233950497,0.008176854760494713
2025-08-18,81315.7890625,81765.7734375,81202.421875,81273.75,50.02717991327348,0.00593757568434215,0.008556247485462822
2025-08-19,81319.109375,81755.8828125,81315.4375,81644.390625,53.37098392149529,0.005897603880878852,0.00833082424151208
2025-08-20,81671.46875,81985.6171875,81494.5,81857.84375,55.22895261242747,0.005934473902353089,0.008144138887405042
2025-08-21,82220.4609375,82231.171875,81921.21875,82000.7109375,56.47891379742208,0.005741087507641026,0.00787443482628169
2025-08-22,81951.4765625,81993.609375,81291.7734375,81306.8515625,49.28250687790535,0.005863775939963748,0.007997180370131423
2025-08-25,81501.0625,81799.0625,81364.859375,81635.90625,52.38127074362689,0.005607693174131225,0.00782668837852968
2025-08-26,81377.390625,81450.28125,80685.9765625,80786.5390625,44.77639817854789,0.005881922256196341,0.008183943034360522
2025-08-28,80754.65625,80775.7109375,80013.0234375,80080.5703125,39.62673438626597,0.0060348524088448255,0.0083563138132004
2025-08-29,80010.828125,80310.7421875,79741.7578125,79809.6484375,37.828714138787085,0.00603047514778644,0.00829500786539358
2025-09-01,79828.9921875,80406.84375,79818.3828125,80364.4921875,43.484407893753556,0.006249321131348717,0.008180120226329782
2025-09-02,80520.09375,80761.140625,80008.5,80157.8828125,41.953910848715566,0.006069283076424519,0.00828608134972197
2025-09-03,80295.9921875,80671.28125,80004.6015625,80567.7109375,46.01296486352992,0.006065381889590987,0.008246135163601256
2025-09-04,81456.671875,81456.671875,80608.9375,80718.0078125,47.46388235677824,0.006023934373386562,0.008429522765575823
2025-09-05,81012.421875,81036.5625,80321.1875,80710.7578125,47.39770897517449,0.0060044302102693755,0.008461220002442772
2025-09-08,80904.3984375,81171.3828125,80733.0703125,80787.296875,48.21848495448621,0.006004159465056453,0.00825666780071154
2025-09-09,81129.6875,81181.3671875,80927.96875,81101.3203125,51.558160043154416,0.005606673800858937,0.007984290183611511
2025-09-10,81504.359375,81643.8828125,81235.421875,81425.1484375,54.79591747140848,0.005298553931383845,0.007860450325399372
2025-09-11,81217.296875,81642.21875,81216.90625,81548.7265625,56.00441155457105,0.005164062839511426,0.007660460208941291
2025-09-12,81758.953125,81992.8515625,81641.3828125,81904.703125,59.373703113766275,0.0051828828344611146,0.007469687111262439
2025-09-15,81925.5078125,81998.5078125,81744.703125,81785.7421875,57.78118791509838,0.005208259621136799,0.007167890354796932
2025-09-16,81852.109375,82443.4765625,81779.9375,82380.6875,63.11026858996949,0.005128371607613403,0.0071831546736814
2025-09-17,82506.3984375,82741.953125,82490.46875,82693.7109375,65.572539143489,0.005100981296153094,0.006956875126785225
2025-09-18,83108.921875,83141.2109375,82704.921875,83013.9609375,67.93091900694597,0.005134109674007913,0.006820081466161168
2025-09-19,82946.0390625,82978.6328125,82485.921875,82626.2265625,62.36096696212434,0.0052648127449445616,0.006819129162531692
2025-09-22,82151.0703125,82583.15625,81997.2890625,82159.96875,56.374841691192636,0.00504662909901845,0.006914771152161468
2025-09-23,82147.3671875,82370.3828125,81776.53125,82102.1015625,55.66071920132714,0.004983713861986573,0.0069420334765387575
2025-09-24,81917.6484375,82045.46875,81607.84375,81715.6328125,51.01304856095096,0.004471365154455121,0.006908697121349657
2025-09-25,81574.3125,81840.7265625,81092.890625,81159.6796875,45.16993326453035,0.0042736388786536825,0.007117333571820682
2025-09-26,80956.0078125,81033.09375,80332.40625,80426.4609375,38.84972741058556,0.004723334135678272,0.00740392439455003
2025-09-29,80588.7734375,80851.3828125,80248.84375,80364.9375,38.36465697224476,0.004468835845268962,0.007415874199609088
2025-09-30,80541.7734375,80677.8203125,80201.1484375,80267.6171875,37.565641431345654,0.004437801008807197,0.007318698933505709
2025-10-01,80173.2421875,81068.4296875,80159.8984375,80983.3125,46.40564284496387,0.004733689755801386,0.007537214239545259
2025-10-03,80684.140625,81251.9921875,80649.5703125,81207.171875,48.84539233472146,0.00475391009324309,0.007509429425737851
2025-10-06,81274.7890625,81846.421875,81155.8828125,81790.1171875,54.636598106043664,0.004992362834483332,0.007526400846476693
2025-10-07,81883.953125,82309.5625,81787.4765625,81926.75,55.8968736022404,0.004997122469735268,0.007432330563176918
2025-10-08,81899.5078125,82257.7421875,81646.078125,81773.65625,54.083804943005504,0.004969917257370445,0.007448653652325322
2025-10-09,81900.0,82247.7265625,81667.6796875,82172.1015625,57.91027860299012,0.005006768416367168,0.007387278021355307
2025-10-10,82075.453125,82654.109375,82072.9296875,82500.8203125,60.81181749492717,0.0050646285867684765,0.007335464521394508
2025-10-13,82049.15625,82438.5,82043.140625,82327.046875,58.51532227809658,0.005017058735438369,0.007222972217474406
2025-10-14,82404.5390625,82573.3671875,81781.6171875,82029.9765625,54.71152857941443,0.005078748186056235,0.007420760762752322
2025-10-15,82197.25,82727.0234375,82084.3671875,82605.4296875,60.11959806719191,0.005060100741217564,0.007445437317716447
2025-10-16,82794.7890625,83615.4765625,82791.3515625,83467.65625,66.562537408412,0.005505785404765152,0.007706563420176038
2025-10-17,83331.78125,84172.2421875,83206.078125,83952.1875,69.54058198780973,0.005584504084751343,0.007936829082466061
2025-10-20,84269.296875,84656.5625,84196.7890625,84363.3671875,71.83319138016242,0.005521112945598668,0.007930370927389734
2025-10-21,84484.671875,84665.4375,84286.3984375,84426.34375,72.17858920469241,0.005293124219904455,0.007679107345944388
2025-10-23,85154.1484375,85290.0625,84445.25,84556.3984375,72.91718610723551,0.005270781034365494,0.007849254087015544
2025-10-24,84667.2265625,84707.4375,83957.1484375,84211.8828125,67.78360318949076,0.005233271797154111,0.007954806781524246
2025-10-27,84297.390625,84932.078125,84294.203125,84778.84375,71.3574157975186,0.00496768317301847,0.007943993057789088
2025-10-28,84625.7109375,84986.9375,84219.390625,84628.15625,69.16143969733864,0.004323674217206642,0.008037530970387223
2025-10-29,84663.6796875,85105.828125,84638.6796875,84997.1328125,71.47618071703235,0.004268429456854998,0.007832441027578147
2025-10-30,84750.8984375,84906.953125,84312.6484375,84404.4609375,63.26221429236023,0.004726254763580418,0.007903305841507368
2025-10-31,84379.7890625,84712.7890625,83905.65625,83938.7109375,57.6549454482643,0.004802773804817712,0.008066343207804633
2025-11-03,83835.1015625,84127.0,83609.5390625,83978.4921875,57.99739254363094,0.004805726953002395,0.007926758179978644
2025-11-04,84000.640625,84068.0078125,83412.7734375,83459.1484375,52.076419614527666,0.004931238244292757,0.007967146757122097
2025-11-06,83516.6875,83846.3515625,83237.6484375,83311.0078125,50.492916190202514,0.004967061722192179,0.00793310516966086
2025-11-07,83150.1484375,83390.109375,82670.953125,83216.28125,49.457319270057454,0.004948703267787802,0.007992126865173137
2025-11-10,83198.203125,83754.4921875,83197.671875,83535.3515625,52.95719638716536,0.004910122564749725,0.007869034863972415
2025-11-11,83671.5234375,83936.46875,83124.03125,83871.3203125,56.38215916631326,0.004910852605957958,0.007969599130111776
2025-11-12,84238.859375,84652.0078125,84166.75,84466.5078125,61.70178185529961,0.005049405729106382,0.008008379520142161
2025-11-13,84525.890625,84919.4296875,84253.046875,84478.671875,61.804309400121554,0.004925958014869023,0.007998722948543197
2025-11-14,84060.140625,84697.8671875,84029.3203125,84562.78125,62.55085163277559,0.004751704556041487,0.007984706851039127
2025-11-17,84700.5,84988.09375,84581.078125,84950.953125,65.86661630550287,0.004316765638947415,0.007738103496972033
2025-11-18,85042.3671875,85042.40625,84558.359375,84673.0234375,61.65720697836202,0.004249763933518845,0.007617299874975481
2025-11-19,84643.78125,85236.7734375,84525.9765625,85186.46875,65.98238161872567,0.004321110617256468,0.0076265754320580595
2025-11-20,85470.921875,85801.703125,85201.21875,85632.6796875,69.23076515583834,0.004449450239409857,0.007558102312549709
2025-11-21,85347.3984375,85609.3984375,85187.84375,85231.921875,63.3771696883908,0.004603708685876484,0.007424031940067718
2025-11-24,85320.0390625,85473.46875,84710.109375,84900.7109375,58.941567287254266,0.004594204409899213,0.007562866174424736
2025-11-25,85008.9296875,85110.2421875,84536.7265625,84587.0078125,55.01426827124339,0.0044293781960717225,0.007533004983218784
2025-11-26,84503.4375,85644.1875,84478.1328125,85609.5078125,63.541375490937206,0.005168681819650353,0.007884288870584774
2025-11-27,85745.046875,86055.859375,85473.8515625,85720.3828125,64.33091506373961,0.0050958967022894704,0.007796627885689094
2025-11-28,85791.546875,85969.890625,85577.8203125,85706.671875,64.14591969320432,0.004792143485691851,0.007567638355461177
2025-12-01,86065.921875,86159.0234375,85489.6484375,85641.8984375,63.22097283076982,0.004575830896789715,0.007590691532539781
2025-12-02,85325.5078125,85553.5078125,85053.0,85138.2734375,56.41014388546327,0.004829498806595328,0.007584262723793288
2025-12-03,85150.640625,85269.6796875,84763.640625,85106.8125,56.004253397671526,0.004560168268742743,0.007469842255411163
2025-12-04,84987.5625,85487.2109375,84949.9765625,85265.3203125,57.6573322819409,0.004516876123230881,0.007373440236569229
2025-12-05,85125.4765625,85796.71875,85078.1171875,85712.3671875,61.99459138197523,0.004570514886485833,0.0074099035453066685
2025-12-08,85624.84375,85722.96875,84875.59375,85102.6875,53.88760605357851,0.004918338052277506,0.007641138456988616
2025-12-09,84742.8671875,84947.890625,84382.9609375,84666.28125,48.9529346718594,0.005040673273472803,0.007739111438720601
2025-12-10,84607.4921875,85020.34375,84313.6171875,84391.2734375,46.08873750323846,0.0048544597817040255,0.007807907653405028
2025-12-11,84456.75,84906.9296875,84150.1875,84818.1328125,50.89164317722586,0.0049864037570428316,0.007850993637091007
2025-12-12,85051.03125,85320.8203125,84956.7421875,85267.65625,55.39805193465903,0.005113084379754738,0.00767287552103356
2025-12-15,84891.75,85278.6328125,84840.3203125,85213.359375,54.74458513643023,0.005021687519153324,0.00749676042288903
2025-12-16,85025.609375,85059.9609375,84620.609375,84679.859375,48.669775805471645,0.005172345020835399,0.007505127367358175
2025-12-17,84856.2578125,84889.453125,84415.9765625,84559.6484375,47.39361454125461,0.004979180166061199,0.007378905571126556
2025-12-18,84518.328125,84780.1875,84238.4296875,84481.8125,46.542637077512616,0.004802300043048685,0.007316204812742246
2025-12-19,84756.7890625,85067.5,84734.9609375,84929.359375,51.89151802679326,0.004880748548840137,0.007250402590932181
2025-12-22,85145.8984375,85601.328125,85145.859375,85567.4765625,58.298502203872864,0.005083805984735449,0.007243243839285293
2025-12-23,85690.1015625,85704.9296875,85342.9921875,85524.84375,57.74518269472788,0.004997803039448286,0.007031504696475752
2025-12-24,85533.109375,85738.1796875,85342.1875,85408.703125,56.18084079228155,0.004216859451135254,0.006869307152703121
2025-12-26,85225.28125,85378.5078125,84937.8203125,85041.453125,51.435762024192385,0.0043033905089053595,0.006801695369528126
2025-12-29,85004.75,85250.0,84637.859375,84695.5390625,47.37682562049163,0.004380404402931652,0.006857908311690296
2025-12-30,84600.9921875,84806.9921875,84470.9375,84675.078125,47.139864338313025,0.004380909357083802,0.006653079039683088
2025-12-31,84793.578125,85437.171875,84705.5703125,85220.6015625,53.77782105076182,0.004457447600840412,0.006777069862293647
2026-01-01,85255.546875,85451.703125,85101.5234375,85188.6015625,53.354569062692036,0.004457477264111948,0.006588974480330349
2026-01-02,85259.359375,85812.2734375,85068.8828125,85762.0078125,59.504862173664726,0.004687124230817978,0.006696573636339699
2026-01-05,85640.046875,85883.5,85315.328125,85439.6171875,55.10553189169992,0.0046193591049949615,0.006716709034811558
2026-01-06,85331.140625,85397.78125,84900.1015625,85063.34375,50.42015895048065,0.004439361841005893,0.006717569775778828
2026-01-07,84620.3984375,85075.9921875,84617.4921875,84961.140625,49.19658775271275,0.004285045005126419,0.006630717334841996
2026-01-08,84778.0234375,84965.2734375,84110.1015625,84180.9609375,41.01428841994058,0.004722194167797478,0.006939781689187482
2026-01-09,84022.09375,84406.21875,83402.28125,83576.2421875,36.0144027075728,0.004810281951275288,0.0073487261979043325
2026-01-12,83435.3125,83962.328125,82861.0703125,83878.171875,39.950547064643125,0.004713265346305363,0.007737057871056194
2026-01-13,84079.3203125,84258.03125,83262.7890625,83627.6875,37.86924578609179,0.004737738719835792,0.00805599196216184
2026-01-14,83358.5390625,83809.9765625,83185.203125,83382.7109375,35.89941822142474,0.004596143219823391,0.008037744661323816
2026-01-16,83670.7890625,84134.96875,83456.5,83570.3515625,38.53662961877506,0.004641861808071138,0.008089825647694114
2026-01-19,83494.4921875,83539.9296875,82898.3125,83246.1796875,35.796584529885536,0.004700046200684122,0.008117870181600718
2026-01-20,83207.3828125,83254.28125,82010.578125,82180.46875,28.597717846891257,0.005203952083232823,0.008716760907139257
2026-01-21,81794.6484375,82407.046875,81124.453125,81909.6328125,27.1058279650764,0.004746741058574037,0.009239373102400968
2026-01-22,82459.65625,82783.1796875,81874.390625,82307.3671875,32.6615443057167,0.0049906687321288135,0.009326631370396538
2026-01-23,82335.9375,82516.2734375,81471.8203125,81537.703125,28.184865035775886,0.005259602846702681,0.009657153202255296
2026-01-27,81436.7890625,82084.921875,81088.59375,81857.4765625,32.33452274585338,0.005414973517543898,0.009801718598160283
2026-01-28,81892.359375,82503.96875,81814.75,82344.6796875,38.19425167524706,0.005661068934124572,0.009645596800870716
2026-01-29,82368.9609375,82689.9609375,81707.9375,82566.3671875,40.71022483688979,0.005730322268711886,0.009782130726368165
2026-01-30,81947.3125,82430.8203125,81941.03125,82269.78125,38.45483254242348,0.005454661730229065,0.009659084621220523
2026-02-02,80555.6796875,81732.25,80387.25,81666.4609375,34.29281588014433,0.00558331598176579,0.010681943563943912
2026-02-03,85323.203125,85871.7265625,83501.21875,83739.1328125,53.08050945495907,0.008065852730151986,0.013260484376800984
2026-02-04,83252.0625,83947.53125,83119.953125,83817.6875,53.62176340456306,0.008055459424417958,0.01300702034829313
2026-02-05,83757.5390625,83784.171875,83151.6171875,83313.9296875,49.66506311429436,0.008099879387312086,0.01272202717166157
2026-02-06,83249.3203125,83612.1171875,82925.3515625,83580.3984375,51.695497007649074,0.00815466444028796,0.012362564240830804
2026-02-09,84177.5078125,84314.6796875,83860.421875,84065.75,55.23734557616346,0.008030285271986513,0.012037147653092769
2026-02-10,84210.0,84482.953125,84063.46875,84273.921875,56.703714717839965,0.007867330000108105,0.01150528628389086
2026-02-11,84339.1484375,84487.34375,84081.25,84233.640625,56.31925578485794,0.007833089338794483,0.011032949051978143
2026-02-12,83968.4296875,84061.6171875,83516.671875,83674.921875,51.139926366085234,0.007953853604193154,0.010925324811807085
2026-02-13,82902.7265625,83079.703125,82534.546875,82626.7578125,43.12707116204168,0.008423585093947512,0.01125946143317202
2026-02-16,82480.3984375,83333.4921875,82276.953125,83277.1484375,48.51742357895532,0.008608841846873378,0.011279775353775777
2026-02-17,83197.671875,83598.0,82987.4296875,83450.9609375,49.884445634914606,0.008576861499274327,0.010974869905347786
2026-02-18,83553.59375,83770.046875,83163.6171875,83734.25,52.11615555776481,0.008032570414274211,0.01067378078730302
2026-02-19,83969.8203125,83979.359375,82264.203125,82498.140625,43.09771877988172,0.00873947405833668,0.011544891907815965
2026-02-20,82272.4921875,83132.078125,82206.2109375,82814.7109375,45.68974108620615,0.008714985148852845,0.011477847479634087
2026-02-23,82906.828125,83486.1484375,82906.828125,83294.65625,49.44934503238628,0.0084832875449027,0.011172374729053632
2026-02-24,83052.5390625,83079.5078125,81934.7265625,82225.921875,42.4091804675666,0.009004440997719968,0.01169054186650676
2026-02-25,82530.1171875,82957.90625,82132.6328125,82276.0703125,42.82055228427788,0.008904906535523276,0.011565353740848165
2026-02-26,82418.78125,82579.15625,81970.46875,82248.609375,42.640933967811186,0.008881750036305959,0.011271455570623623
2026-02-27,82220.4765625,82246.171875,81159.1484375,81287.1875,36.81799990442862,0.00922711026951109,0.01154747176889397
2026-03-02,78543.7265625,80632.546875,78543.7265625,80238.8515625,31.72990610724075,0.00952459043656566,0.013304972932359578
2026-03-04,78528.8203125,79527.40625,78443.203125,79116.1875,27.368037293927316,0.00777419374326329,0.01415109822194356
2026-03-05,79530.4765625,80303.828125,79201.6875,80015.8984375,35.071358256682004,0.008362906915977067,0.01405273662195376
2026-03-06,79658.9921875,79753.03125,78812.1796875,78918.8984375,30.784227029037737,0.008717595687368997,0.014319826669522823
2026-03-09,77056.75,77711.3515625,76424.546875,77566.15625,26.48485623731581,0.009178578797747432,0.015825860049968436
2026-03-10,78375.7265625,78526.25,77745.46875,78205.9765625,31.367280642536926,0.009325828230397048,0.015452105935210085
2026-03-11,78238.90625,78324.3671875,76759.2578125,76863.7109375,27.27480994950386,0.009688616937213427,0.01605338723588366
2026-03-12,76369.6484375,76681.7109375,75871.1796875,76034.421875,25.09624917923807,0.00973367444723017,0.0160017084920435
2026-03-13,75444.21875,75576.203125,74454.6015625,74563.921875,21.774944102213084,0.01025239382131562,0.016665153468040952
2026-03-16,74415.7890625,75805.2734375,73949.7578125,75502.8515625,28.299829187434668,0.010889010529045938,0.017037734212527023
2026-03-17,75826.6796875,76304.2578125,75324.7265625,76070.84375,31.995220202222086,0.010868615981905869,0.016622380346916352
2026-03-18,76367.546875,77000.21875,76187.921875,76704.1328125,35.95842505114349,0.01115214304439278,0.016173085966621002
2026-03-19,74750.921875,75354.1796875,73950.953125,74207.2421875,28.825519945890235,0.012716836432850103,0.018173267260498626
2026-03-20,74559.3828125,75286.390625,74385.0390625,74532.9609375,30.755180832993318,0.012741648240656519,0.017835630598483036
2026-03-23,73732.578125,73732.578125,72558.4375,72696.390625,26.40770793981123,0.013295896503666495,0.01892015146335728
2026-03-24,74212.46875,74489.390625,73084.4609375,74068.453125,33.922597130714195,0.014207241296655926,0.018972360362992664
2026-03-25,74652.0078125,75849.7578125,74550.46875,75273.453125,39.742297877723615,0.014916578811823789,0.019025488165344377
2026-03-27,74883.7890625,74904.90625,73534.40625,73583.21875,35.075716855905995,0.01540637063166287,0.01976045597617595
2026-03-30,72565.21875,73165.3203125,71774.1328125,71947.546875,31.251436200405465,0.015800037867245865,0.020562181605237366
2026-04-01,73762.4296875,73964.578125,72971.6796875,73134.3203125,36.6484870132696,0.016558210429754496,0.02075360591193124
2026-04-02,72262.046875,73568.5390625,71545.8125,73319.546875,37.473530644914085,0.016541994446233155,0.021193079472889245
2026-04-06,73477.53125,74207.4609375,72728.65625,74106.8515625,40.99124545337456,0.016713312888459675,0.020895576570764865
2026-04-07,73734.359375,74686.3203125,73282.40625,74616.578125,43.218563362954875,0.016537616294714487,0.020614419447279996
2026-04-08,77290.6328125,77635.5390625,77042.1484375,77562.8984375,54.02162303221894,0.01882685104451751,0.021195026516363343
2026-04-09,77319.328125,77429.328125,76347.8984375,76631.6484375,50.73592967079185,0.018622573894479796,0.021052771293793
2026-04-10,77121.0078125,77622.5,76851.15625,77550.25,53.725745329136295,0.018732903859635965,0.02023007474137597
2026-04-13,75937.15625,77063.40625,75868.3203125,76847.5703125,51.16760641041013,0.01843079988976226,0.020520162925855675
2026-04-15,77981.1015625,78270.421875,77849.5234375,78111.2421875,55.290508400936,0.01859008518183817,0.020047299184236582
2026-04-16,78677.5625,78730.3203125,77674.9296875,77988.6796875,54.807182080011586,0.017951368066272393,0.019611219267432107
2026-04-17,77976.1328125,78553.453125,77726.2265625,78493.5390625,56.494255435508386,0.017819573764438417,0.01884606143596816
2026-04-20,78632.8984375,78942.453125,78203.296875,78520.296875,56.58675754409858,0.017773996839792243,0.018166348445886413
2026-04-21,78617.15625,79367.078125,78522.9609375,79273.328125,59.2149269077581,0.017801090252050948,0.017471498078682663
2026-04-22,79019.34375,79031.03125,78442.296875,78516.4921875,55.57349443676917,0.016079540858116734,0.017135927320635413
2026-04-23,77983.65625,78178.5390625,77574.1796875,77664.0,51.71571873814893,0.01636286291169301,0.0169532493881621
2026-04-24,77483.796875,77710.8203125,76403.8671875,76664.2109375,47.54706663025267,0.015519039148705812,0.017165297848868038
2026-04-27,76856.046875,77420.0390625,76754.203125,77303.6328125,50.305997732890916,0.015122608767597362,0.016505748335921246
2026-04-28,77094.7890625,77493.53125,76741.0625,76886.90625,48.51499820420257,0.014837462773568318,0.016108886980185037
2026-04-29,77245.828125,77982.5078125,77136.203125,77496.359375,51.24860806681764,0.013798701492895743,0.015850434763900644
2026-04-30,77014.2109375,77254.328125,76258.859375,76913.5,48.59141269512876,0.012733783459562303,0.015979047755198175
2026-05-04,77257.2734375,77910.75,76939.5390625,77269.3984375,50.286389263728985,0.012367130533494681,0.015691213105426264
2026-05-05,77103.71875,77151.328125,76515.03125,77017.7890625,49.05499621766242,0.012440143340424899,0.015317634642673099
2026-05-06,77424.359375,78022.78125,76773.25,77958.5234375,53.62728493354048,0.012495072469946881,0.015196749244389704
2026-05-07,78339.2421875,78384.703125,77713.2109375,77844.5234375,53.00643990945307,0.012482095894506978,0.014748080253526962
2026-05-08,77631.9375,77647.4375,77146.4296875,77328.1875,50.17321216229548,0.009159464875327863,0.014430921801777408
2026-05-11,76638.09375,76678.5234375,75957.3984375,76015.28125,43.767201283091424,0.009565705540317451,0.01491966027931659
2026-05-12,75688.390625,75741.9609375,74449.5,74559.2421875,37.97622771568145,0.00999084387864027,0.01562455477514559
2026-05-13,74439.34375,75191.5703125,74134.4765625,74608.9765625,38.27664206498572,0.009861589218225355,0.015510876096604044
2026-05-14,74947.1171875,75681.8828125,74526.7734375,75398.71875,42.997990170826775,0.009386037690653286,0.015346383417745737
2026-05-15,75497.1015625,75870.359375,75139.40625,75237.9921875,42.28901496398206,0.009386261649544517,0.014974598868848872
2026-05-18,74807.96875,75466.6015625,74180.2578125,75315.0390625,42.776108466272404,0.009212060421548643,0.015110724738472301
2026-05-19,75441.2734375,75746.2734375,75115.9921875,75200.8515625,42.207527934653456,0.00919585615382794,0.014651357607879428
2026-05-20,74806.4921875,75406.1796875,74529.40625,75318.390625,43.04671319369512,0.008826944856905612,0.014415093335238133
2026-05-21,75732.421875,75945.7890625,74996.78125,75183.359375,42.28703345589034,0.008670725461711406,0.014311097122206106
2026-05-22,75260.390625,75810.96875,75230.75,75415.3515625,44.11191032652965,0.00849050911916397,0.013842427991931578
2026-05-25,76135.8203125,76559.0703125,76097.0234375,76488.9609375,51.72014264382106,0.008719370623278709,0.013741319218781588
2026-05-26,76224.140625,76627.0390625,75909.6796875,76009.703125,48.543260987131944,0.008587180931648015,0.013514373597958545
2026-05-27,75939.859375,76224.6796875,75748.2109375,75867.796875,47.610730216151566,0.008524492383567872,0.013021122781987025
2026-05-29,75988.5078125,76220.0234375,74589.109375,74775.7421875,41.07181552388902,0.00880667874528715,0.013825534780111401
2026-06-01,75203.0234375,75367.9296875,74203.6796875,74267.34375,38.42593758451874,0.008783099275967106,0.014045627380747121
2026-06-02,73945.203125,74862.1875,73815.1171875,74649.84375,41.48042930166313,0.008803705848732102,0.013977427583425031
2026-06-03,74507.7265625,74515.6484375,73492.6015625,74346.171875,39.79270157951092,0.008813071821319027,0.014143881658029257
2026-06-04,73935.828125,74544.2421875,73807.296875,74360.0078125,39.91266002357253,0.008204707990529692,0.013839053961721946
2026-06-05,74629.9375,74717.5703125,73988.75,74243.34375,39.20337894948286,0.008204126677886059,0.013571931828901969
2026-06-08,73421.609375,73934.3515625,73318.9375,73524.2578125,35.06687751808796,0.008316856124741234,0.013623821452024414
2026-06-09,74035.40625,74035.40625,73426.1796875,73918.7578125,38.8772171875798,0.007738307800993051,0.01317187820857096
2026-06-10,73988.2734375,74613.0078125,73897.5703125,73983.1796875,39.50154506105365,0.0064911156682495716,0.012911113169374117
2026-06-11,73615.9921875,74394.34375,73518.75,73832.546875,38.51101985099614,0.006496162780551852,0.012860435041498752
2026-06-12,74709.2734375,75608.0234375,74453.390625,75527.953125,52.84376685242708,0.00798581838756884,0.013352879608294541
2026-06-15,76725.2734375,76821.0703125,76140.4375,76264.328125,57.47971193176416,0.008246992471971868,0.013490505595504172
2026-06-16,76526.7734375,76846.7421875,76443.34375,76808.4765625,60.56492314902169,0.00837177838769549,0.0129797714078216
2026-06-17,77080.09375,77218.9921875,76768.4921875,77155.6171875,62.43740258628408,0.008385544154812592,0.012415477939626612
2026-06-18,77131.65625,77492.328125,76953.0,77409.9765625,63.793972660012926,0.00839747854801422,0.01198843106199809
2026-06-19,76852.859375,76901.6484375,76469.71875,76802.8984375,58.37525040244344,0.00862495534002093,0.01209456958281166
2026-06-22,77160.671875,77325.5625,77008.0234375,77094.0703125,60.1247358673064,0.00863502828972073,0.011672509777909968
2026-06-23,77086.046875,77194.828125,76082.5078125,76200.6796875,52.792927560621465,0.008510919793289056,0.012008495320773967
2026-06-24,76229.7578125,77190.3671875,76121.59375,76991.21875,57.707521941252324,0.008692942268835331,0.012027804895025137
2026-06-25,77391.0703125,77803.1796875,76993.15625,77100.46875,58.352803389193774,0.008674036527309777,0.011905079174759615
2026-06-29,77055.2109375,77252.78125,76621.75,76728.3671875,55.260206724554855,0.008021328424020152,0.011695771826508425
2026-06-30,77005.5078125,77037.359375,76329.390625,76478.671875,53.221827790340235,0.007869851684416066,0.011557037149629901
2026-07-01,76545.2109375,77110.078125,76538.3671875,76922.640625,56.30787310957592,0.007887164604567523,0.011255905216396004
2026-07-02,77083.140625,77578.9296875,77063.953125,77502.1171875,60.01567855349647,0.007881386134126414,0.010978622141554553
2026-07-03,78152.34375,78157.5234375,77710.0078125,77763.90625,61.60105832424574,0.007873314153412116,0.010762126757449215
2026-07-06,77940.8984375,78398.0625,77879.703125,78285.0703125,64.60947657256153,0.00787940508838869,0.010505489210192358
2026-07-07,78461.15625,78664.921875,78031.0390625,78180.71875,63.5361083133554,0.007393524816842157,0.010347254680208973
2026-07-08,77816.453125,77851.1796875,76259.03125,76503.6015625,49.34681440364247,0.009204431992626431,0.011613004159104037
2026-07-09,76576.140625,77326.6484375,76576.140625,76741.8203125,51.02004490295832,0.00920718989922949,0.011516093074275213
2026-07-10,77395.6328125,77642.2265625,77320.5625,77569.390625,56.407398054196385,0.009365937536629848,0.011408553444378603
2026-07-13,76963.3515625,77789.2890625,76857.4296875,77616.3984375,56.69874293363269,0.00806654817518894,0.011444809369325772
2026-07-14,77272.34375,77402.7890625,77001.4765625,77054.9375,52.210402148975994,0.008035336338731292,0.011274780753166892
2026-07-15,77192.7578125,77646.2734375,76982.8203125,77185.4296875,53.13888662087831,0.00789137133238249,0.011065708917576514
2026-07-16,77388.421875,77579.6875,77086.421875,77186.8671875,53.149685080501385,0.00782727058772565,0.010731576790156062
2026-07-17,77370.7734375,78282.546875,77308.0,78151.453125,59.83754560707409,0.00828101335947541,0.010843467134723072
2026-07-20,78151.453125,78151.453125,77368.2890625,77708.5234375,55.892035447767974,0.008178653913304093,0.010846198824530374
2026-07-21,77649.6328125,77753.1796875,77337.328125,77470.109375,53.83438813541052,0.008181261309144585,0.010485886470629912
2026-07-22,77384.953125,77384.953125,76641.1875,76755.046875,48.11324894101157,0.008014498168646259,0.010599003278018198
2026-07-23,76515.1015625,76726.65625,76151.9765625,76391.390625,45.46688442362031,0.007732404307698311,0.010452674926232286
2026-07-24,75708.1875,76210.953125,75474.4296875,76059.7734375,43.13684119199009,0.007768871527041841,0.010609501374168483
2026-07-27,76608.9765625,76901.5078125,76517.8515625,76835.78125,49.64058207878291,0.008063968589581864,0.010534680690889791
2026-07-28,76831.75,76988.4765625,76672.7734375,76765.921875,49.09617570764885,0.008029950042348534,0.010084858651768863
2026-07-29,77423.7734375,77765.4921875,77333.2421875,77654.6015625,55.74512063967583,0.008336081873781905,0.010176772912956381
2026-07-30,77638.859375,78007.09375,77440.90625,77928.1484375,57.58176920187624,0.00820570098080611,0.009935654016884368
2026-07-31,77998.65625,78272.25,77809.9296875,78094.640625,58.70510110737189,0.008185746783468664,0.00962915252745462
2026-08-03,78883.34375,78895.1015625,78497.34375,78639.03125,62.227456962447086,0.00819706815231601,0.009606524220678472
2026-08-04,79132.96875,79143.1484375,78211.8671875,78428.953125,60.09713393622208,0.008215960472474436,0.00979239506467075
2026-08-05,79055.3828125,79055.3828125,78285.7421875,78581.0,61.134213830642324,0.006409907717894336,0.009774932363340346
2026-08-06,78782.4296875,78954.7578125,78633.7265625,78954.7578125,63.6361457985952,0.00644402625521163,0.009371885495007715
2026-08-07,78516.078125,78757.3984375,78377.0703125,78499.171875,58.67769720152283,0.006243872800406556,0.009278625493746064
2026-08-10,78501.59375,78676.9765625,78298.921875,78542.4375,59.00438783115867,0.006243880180247115,0.008954933361130206
2026-08-11,78509.7734375,78509.7734375,78048.2578125,78154.25,54.81693292786579,0.006111138983884529,0.00880824916964304
2026-08-12,78263.328125,78263.328125,77497.9296875,77966.3515625,52.8613753916402,0.0061450537637342244,0.0089000168868434
2026-08-13,78111.90625,78119.390625,77665.890625,78079.9609375,53.93150306231054,0.006147492149208936,0.008667144258176747
2026-08-14,77903.4296875,78048.90625,77684.3671875,78009.25,53.12315270172844,0.005482384457573879,0.008417580018244662
2026-08-17,77892.921875,77928.6796875,77453.75,77728.15625,49.919976966198035,0.005389870703962625,0.00835506976322393
2026-08-18,77418.96875,77575.2109375,77234.359375,77235.4609375,44.81881388302457,0.005536956439722255,0.008264441295109573
2026-08-19,77218.046875,77347.8125,76822.890625,76909.6796875,41.77875063836659,0.005204427934804477,0.008194143198222384
2026-08-20,77468.453125,77611.109375,77371.0,77537.71875,48.96548374817173,0.005367215999520346,0.008193381698461873
2026-08-21,77701.0703125,77725.671875,77445.859375,77540.828125,48.9990497329711,0.0052360324655377904,0.007865590978860802
2026-08-24,77629.5625,77789.3984375,77201.65625,77369.109375,47.15451035972675,0.004806696245836128,0.00786258786227271
2026-08-25,77295.4921875,77666.390625,77125.90625,77656.09375,50.50773623101795,0.004853696537073487,0.007771134085043504
2026-08-26,77892.1015625,77986.84375,77472.9375,77472.9375,48.39705805740445,0.004149044932791794,0.007706924546279205
2026-08-27,77576.7578125,77694.96875,76933.59375,76933.59375,42.73382455179926,0.004325820236614039,0.0079134945871831
2026-08-28,77128.046875,77357.96875,76988.21875,77264.5078125,46.84375134840906,0.004424498836387633,0.00770909451770863
2026-08-31,77130.7265625,77177.2734375,76751.3203125,76957.2734375,43.70736336698572,0.004116138703774797,0.007663342869066002
2026-09-01,76994.109375,77231.8671875,76656.1171875,76944.28125,43.574499258818285,0.004103182152650928,0.007651640446972663
2026-09-02,76471.3203125,76570.3515625,76135.71875,76570.3515625,39.82241160577394,0.0041329081796328765,0.007894058952511444
2026-09-03,76724.953125,76924.4765625,76152.859375,76152.859375,36.086251867010674,0.003975110079327022,0.008094132322953916
2026-09-04,76657.0234375,76883.140625,76515.4296875,76515.4296875,41.24201923246288,0.004115573741223521,0.008162096430272154
2026-09-07,76446.046875,76477.1875,75970.5234375,76132.8125,37.778623819306,0.004172962268615682,0.008128415957001915
2026-09-08,75970.28125,76012.109375,75553.3515625,75577.578125,33.39583078274042,0.004305681545877378,0.008150915291427488
2026-09-09,75216.21875,75251.2265625,74764.2265625,74764.2265625,28.229374815265587,0.004767084175241717,0.008428109511792993
2026-09-10,74742.5390625,74910.9609375,74598.46875,74902.59375,30.207477654420302,0.004783278820179602,0.00810964320380836
2026-09-11,74309.15625,74917.1484375,74160.15625,74781.7578125,29.44425647284409,0.004776767359505525,0.00826559986515999
2026-09-15,75369.6328125,75436.4375,73994.03125,74003.8203125,25.05523499016266,0.005122596269766131,0.009148094695619032
2026-09-16,74249.3125,74505.859375,73981.328125,74336.453125,29.868972251526174,0.005259679172915776,0.008960661085705894
2026-09-17,74182.6171875,74677.5625,74163.953125,74314.59375,29.733811995045713,0.005242098302214276,0.008816724595194949
2026-09-18,74575.2421875,74728.4375,74294.9609375,74294.9609375,29.60423971476122,0.004722246047474957,0.008605874509249534
2026-09-21,74535.1796875,74987.3984375,74454.1796875,74858.9921875,37.96767839416644,0.005181958274754429,0.008591665546640823
2026-09-22,74901.5,75038.9296875,74423.7109375,74529.078125,35.32410209847154,0.005215410750871266,0.008602915694368
